,,,,,,Team Totals,,,,,,,,,,,,,,,,,,Team Shooting,,,,,
Season,Team,G,W,L,W/L%,MP,FG,FGA,2P,2PA,3P,3PA,FT,FTA,ORB,DRB,TRB,AST,STL,BLK,TOV,PF,PTS,FG%,2P%,3P%,FT%,TS%,eFG%
2001-02,ATL,82,33,49,0.402,19780,2901,6610,2478,5416,423,1194,1486,1942,955,2445,3400,1656,667,350,1275,1702,7711,0.439,0.458,0.354,0.765,0.517,0.471
2001-02,BOS,82,49,33,0.598,19830,2852,6731,2153,4785,699,1946,1498,1960,891,2570,3461,1722,793,292,1114,1776,7901,0.424,0.45,0.359,0.764,0.52,0.476
2001-02,CHH,82,44,38,0.537,19755,2893,6580,2547,5586,346,994,1568,2105,1059,2505,3564,1759,653,456,1150,1747,7700,0.44,0.456,0.348,0.745,0.513,0.466
2001-02,CHI,82,21,61,0.256,19805,2811,6491,2511,5623,300,868,1413,1958,924,2359,3283,1817,633,361,1252,1834,7335,0.433,0.447,0.346,0.722,0.499,0.456
2001-02,CLE,82,29,53,0.354,19855,2948,6582,2561,5556,387,1026,1529,1980,968,2483,3451,1891,572,470,1196,1752,7812,0.448,0.461,0.377,0.772,0.524,0.477
2001-02,DAL,82,57,25,0.695,19880,3200,6930,2579,5285,621,1645,1608,1994,918,2568,3486,1811,581,392,992,1842,8629,0.462,0.488,0.378,0.806,0.553,0.507
2001-02,DEN,82,27,55,0.329,19805,2915,6870,2492,5585,423,1285,1306,1756,1117,2310,3427,1817,613,462,1205,1873,7559,0.424,0.446,0.329,0.744,0.495,0.455
2001-02,DET,82,50,32,0.61,19680,2845,6300,2278,4791,567,1509,1478,1954,810,2366,3176,1765,648,565,1193,1695,7735,0.452,0.475,0.376,0.756,0.54,0.497
2001-02,GSW,82,21,61,0.256,19780,2998,6989,2678,5995,320,994,1693,2344,1334,2493,3827,1706,650,523,1378,1884,8009,0.429,0.447,0.322,0.722,0.499,0.452
2001-02,HOU,82,28,54,0.341,19980,2837,6629,2341,5149,496,1480,1402,1893,1025,2411,3436,1482,537,445,1156,1476,7572,0.428,0.455,0.335,0.741,0.507,0.465
2001-02,IND,82,42,40,0.512,19905,2935,6580,2530,5385,405,1195,1663,2155,930,2568,3498,1884,658,436,1249,1876,7938,0.446,0.47,0.339,0.772,0.527,0.477
2001-02,LAC,82,39,43,0.476,19805,2970,6668,2562,5521,408,1147,1498,2026,1083,2474,3557,1714,510,540,1214,1624,7846,0.445,0.464,0.356,0.739,0.519,0.476
2001-02,LAL,82,58,24,0.707,19780,3150,6840,2640,5401,510,1439,1494,2138,1022,2607,3629,1882,625,478,1040,1823,8304,0.461,0.489,0.354,0.699,0.534,0.498
2001-02,MEM,82,23,59,0.28,19780,2851,6535,2515,5439,336,1096,1334,1883,984,2413,3397,1785,646,488,1344,1571,7372,0.436,0.462,0.307,0.708,0.501,0.462
2001-02,MIA,82,36,46,0.439,19930,2801,6382,2489,5483,312,899,1236,1708,902,2544,3446,1664,547,448,1217,1846,7150,0.439,0.454,0.347,0.724,0.501,0.463
2001-02,MIL,82,41,41,0.5,19905,3041,6577,2448,4994,593,1583,1321,1767,841,2557,3398,1847,596,388,1157,1788,7996,0.462,0.49,0.375,0.748,0.544,0.507
2001-02,MIN,82,50,32,0.61,19805,3175,6887,2779,5840,396,1047,1399,1754,1059,2562,3621,1993,524,427,1097,1739,8145,0.461,0.476,0.378,0.798,0.532,0.49
2001-02,NJN,82,52,30,0.634,19830,3042,6816,2639,5622,403,1194,1402,1907,1039,2515,3554,1990,716,490,1189,1734,7889,0.446,0.469,0.338,0.735,0.515,0.476
2001-02,NYK,82,30,52,0.366,19805,2817,6520,2343,5176,474,1344,1406,1786,876,2458,3334,1720,558,288,1192,1800,7514,0.432,0.453,0.353,0.787,0.514,0.468
2001-02,SEA,82,45,37,0.549,19830,3131,6681,2642,5389,489,1292,1263,1672,968,2333,3301,1926,698,364,1124,1732,8014,0.469,0.49,0.378,0.755,0.54,0.505
2001-02,ORL,82,44,38,0.537,19830,3087,6893,2467,5233,620,1660,1446,1917,942,2440,3382,1804,665,384,1119,1700,8240,0.448,0.471,0.373,0.754,0.533,0.493
2001-02,PHI,82,43,39,0.524,19730,2804,6436,2590,5721,214,715,1639,2104,1092,2534,3626,1638,705,363,1256,1645,7461,0.436,0.453,0.299,0.779,0.507,0.452
2001-02,PHO,82,36,46,0.439,19830,3097,6934,2739,5838,358,1096,1250,1630,1072,2430,3502,1838,668,401,1205,1785,7802,0.447,0.469,0.327,0.767,0.51,0.472
2001-02,POR,82,49,33,0.598,19830,3004,6671,2538,5353,466,1318,1451,1901,1085,2444,3529,1926,702,368,1172,1613,7925,0.45,0.474,0.354,0.763,0.528,0.485
2001-02,SAC,82,61,21,0.744,19755,3267,7003,2841,5843,426,1160,1618,2154,1013,2702,3715,1958,741,375,1128,1560,8578,0.467,0.486,0.367,0.751,0.539,0.497
2001-02,SAS,82,58,24,0.707,19855,2913,6363,2475,5152,438,1211,1668,2249,907,2566,3473,1643,625,537,1180,1575,7932,0.458,0.48,0.362,0.742,0.539,0.492
2001-02,TOR,82,42,40,0.512,19755,2919,6727,2532,5618,387,1109,1269,1717,1114,2336,3450,1779,688,454,1174,1771,7494,0.434,0.451,0.349,0.739,0.501,0.463
2001-02,UTA,82,44,38,0.537,19830,2869,6374,2589,5532,280,842,1853,2430,1109,2349,3458,1999,749,523,1353,1971,7871,0.45,0.468,0.333,0.763,0.529,0.472
2001-02,WAS,82,37,45,0.451,19730,2938,6664,2633,5878,305,786,1428,1866,1055,2393,3448,1715,570,354,1068,1763,7609,0.441,0.448,0.388,0.765,0.508,0.464
2002-03,ATL,82,35,47,0.427,19905,2859,6434,2457,5293,402,1141,1594,2011,937,2558,3495,1679,611,473,1367,1783,7714,0.444,0.464,0.352,0.793,0.527,0.476
2002-03,BOS,82,44,38,0.537,19830,2700,6509,1981,4354,719,2155,1480,1994,849,2471,3320,1575,720,303,1147,1758,7599,0.415,0.455,0.334,0.742,0.514,0.47
2002-03,CHI,82,30,52,0.366,19930,2991,6714,2642,5717,349,997,1455,2014,985,2541,3526,1782,605,461,1388,2028,7786,0.445,0.462,0.35,0.722,0.512,0.471
2002-03,CLE,82,17,65,0.207,19830,2850,6746,2557,5850,293,896,1502,2012,1118,2542,3660,1712,636,521,1501,1864,7495,0.422,0.437,0.327,0.747,0.491,0.444
2002-03,DAL,82,60,22,0.732,19780,3161,6982,2525,5314,636,1668,1486,1793,912,2544,3456,1837,665,449,949,1730,8444,0.453,0.475,0.381,0.829,0.543,0.498
2002-03,DEN,82,17,65,0.207,19730,2689,6544,2460,5720,229,824,1294,1850,1112,2363,3475,1737,712,422,1514,2056,6901,0.411,0.43,0.278,0.699,0.469,0.428
2002-03,DET,82,50,32,0.61,19905,2700,6277,2167,4789,533,1488,1559,2021,883,2445,3328,1620,556,468,1104,1748,7492,0.43,0.452,0.358,0.771,0.523,0.473
2002-03,GSW,82,38,44,0.463,19755,3061,6941,2636,5706,425,1235,1853,2382,1284,2546,3830,1712,594,506,1295,1786,8400,0.441,0.462,0.344,0.778,0.526,0.472
2002-03,HOU,82,43,39,0.524,19930,2840,6461,2401,5194,439,1267,1569,2044,1024,2564,3588,1506,594,493,1276,1602,7688,0.44,0.462,0.346,0.768,0.522,0.474
2002-03,IND,82,48,34,0.585,19905,2911,6608,2532,5489,379,1119,1739,2271,1004,2622,3626,1910,696,443,1210,1811,7940,0.441,0.461,0.339,0.766,0.522,0.469
2002-03,LAC,82,27,55,0.329,19755,2835,6490,2445,5312,390,1178,1633,2177,1008,2462,3470,1605,574,461,1291,1784,7693,0.437,0.46,0.331,0.75,0.516,0.467
2002-03,LAL,82,50,32,0.61,19930,3091,6856,2605,5489,486,1367,1562,2129,1078,2554,3632,1909,639,470,1192,1874,8230,0.451,0.475,0.356,0.734,0.528,0.486
2002-03,MEM,82,28,54,0.341,19930,3049,6743,2582,5464,467,1279,1430,1936,943,2466,3409,1892,651,500,1262,1678,7995,0.452,0.473,0.365,0.739,0.526,0.487
2002-03,MIA,82,25,57,0.305,19830,2688,6517,2340,5417,348,1100,1292,1689,948,2464,3412,1501,592,324,1167,1856,7016,0.412,0.432,0.316,0.765,0.483,0.439
2002-03,MIL,82,42,40,0.512,19905,3045,6670,2460,5144,585,1526,1483,1911,876,2367,3243,1823,622,344,1044,1820,8158,0.457,0.478,0.383,0.776,0.543,0.5
2002-03,MIN,82,51,31,0.622,19805,3172,6809,2876,6005,296,804,1406,1826,959,2614,3573,2070,553,433,1124,1704,8046,0.466,0.479,0.368,0.77,0.528,0.488
2002-03,NJN,82,49,33,0.598,19755,2906,6585,2560,5544,346,1041,1662,2195,991,2528,3519,1887,717,374,1212,1772,7820,0.441,0.462,0.332,0.757,0.518,0.468
2002-03,NOH,82,47,35,0.573,19905,2914,6695,2510,5620,404,1075,1467,1910,1097,2475,3572,1807,656,394,1212,1769,7699,0.435,0.447,0.376,0.768,0.511,0.465
2002-03,NYK,82,37,45,0.451,19855,2967,6725,2361,5143,606,1582,1320,1620,842,2376,3218,1800,579,255,1149,1888,7860,0.441,0.459,0.383,0.815,0.528,0.486
2002-03,SEA,82,40,42,0.488,19855,2887,6599,2431,5308,456,1291,1325,1780,963,2385,3348,1775,679,295,1085,1712,7555,0.437,0.458,0.353,0.744,0.512,0.472
2002-03,ORL,82,42,40,0.512,19805,2947,6763,2379,5173,568,1590,1616,2079,958,2392,3350,1676,696,300,1177,1888,8078,0.436,0.46,0.357,0.777,0.526,0.478
2002-03,PHI,82,48,34,0.585,19855,2975,6640,2730,5853,245,787,1746,2253,1042,2415,3457,1771,844,284,1212,1804,7941,0.448,0.466,0.311,0.775,0.52,0.466
2002-03,PHO,82,44,38,0.537,19805,3005,6776,2611,5627,394,1149,1430,1928,1049,2440,3489,1719,665,404,1208,1801,7834,0.443,0.464,0.343,0.742,0.514,0.473
2002-03,POR,82,50,32,0.61,19855,2987,6491,2608,5341,379,1150,1450,1947,992,2378,3370,1860,725,316,1248,1634,7803,0.46,0.488,0.33,0.745,0.531,0.489
2002-03,SAC,82,59,23,0.72,19830,3242,6990,2751,5702,491,1288,1367,1832,900,2751,3651,2034,736,457,1192,1666,8342,0.464,0.482,0.381,0.746,0.535,0.499
2002-03,SAS,82,60,22,0.732,19830,2908,6297,2459,5027,449,1270,1591,2194,939,2556,3495,1636,629,529,1295,1672,7856,0.462,0.489,0.354,0.725,0.541,0.497
2002-03,TOR,82,24,58,0.293,19805,2847,6664,2438,5471,409,1193,1350,1879,1023,2355,3378,1583,609,392,1181,1761,7453,0.427,0.446,0.343,0.718,0.497,0.458
2002-03,UTA,82,47,35,0.573,19780,2894,6189,2670,5548,224,641,1750,2349,1021,2381,3402,2103,708,467,1374,1837,7762,0.468,0.481,0.349,0.745,0.537,0.486
2002-03,WAS,82,37,45,0.451,19830,2816,6394,2563,5583,253,811,1617,2077,917,2395,3312,1612,621,390,1095,1644,7502,0.44,0.459,0.312,0.779,0.513,0.46
2003-04,ATL,82,28,54,0.341,19905,2829,6529,2410,5280,419,1249,1534,1976,996,2507,3503,1648,627,408,1350,1826,7611,0.433,0.456,0.335,0.776,0.514,0.465
2003-04,BOS,82,36,46,0.439,19705,2843,6415,2290,4816,553,1599,1572,2095,851,2440,3291,1683,770,331,1332,1837,7811,0.443,0.475,0.346,0.75,0.532,0.486
2003-04,CHI,82,23,59,0.28,19830,2798,6753,2369,5497,429,1256,1330,1834,1048,2519,3567,1793,659,396,1321,1911,7355,0.414,0.431,0.342,0.725,0.486,0.446
2003-04,CLE,82,35,47,0.427,19855,2922,6753,2675,5967,247,786,1528,2030,1118,2619,3737,1808,585,537,1216,1743,7619,0.433,0.448,0.314,0.753,0.498,0.451
2003-04,DAL,82,52,30,0.634,19805,3322,7230,2815,5774,507,1456,1475,1854,1174,2538,3712,1963,656,437,1000,1609,8626,0.459,0.488,0.348,0.796,0.536,0.495
2003-04,DEN,82,43,39,0.524,19730,2993,6763,2662,5778,331,985,1655,2159,1083,2387,3470,1794,745,520,1278,1804,7972,0.443,0.461,0.336,0.767,0.517,0.467
2003-04,DET,82,54,28,0.659,19780,2747,6314,2414,5346,333,968,1561,2074,1014,2492,3506,1702,659,570,1241,1664,7388,0.435,0.452,0.344,0.753,0.511,0.461
2003-04,GSW,82,37,45,0.451,19855,2875,6511,2446,5228,429,1283,1470,2028,1002,2533,3535,1681,576,389,1211,1691,7649,0.442,0.468,0.334,0.725,0.517,0.475
2003-04,HOU,82,45,37,0.549,19930,2738,6195,2223,4789,515,1406,1371,1774,847,2647,3494,1579,560,443,1373,1762,7362,0.442,0.464,0.366,0.773,0.528,0.484
2003-04,IND,82,61,21,0.744,19805,2753,6322,2304,5041,449,1281,1538,2014,965,2452,3417,1774,726,411,1182,1709,7493,0.435,0.457,0.351,0.764,0.52,0.471
2003-04,LAC,82,28,54,0.341,19805,2817,6579,2488,5555,329,1024,1808,2302,1149,2416,3565,1653,594,376,1344,1816,7771,0.428,0.448,0.321,0.785,0.512,0.453
2003-04,LAL,82,56,26,0.683,19855,3028,6676,2663,5561,365,1115,1631,2352,1001,2535,3536,1948,682,379,1132,1732,8052,0.454,0.479,0.327,0.693,0.522,0.481
2003-04,MEM,82,50,32,0.61,19880,2963,6657,2516,5343,447,1314,1557,2143,1047,2381,3428,1915,795,565,1226,1903,7930,0.445,0.471,0.34,0.727,0.522,0.479
2003-04,MIA,82,42,40,0.512,19755,2729,6417,2244,5060,485,1357,1459,1915,940,2459,3399,1565,590,313,1137,1812,7402,0.425,0.443,0.357,0.762,0.51,0.463
2003-04,MIL,82,41,41,0.5,19780,2970,6650,2569,5505,401,1145,1698,2192,960,2502,3462,1872,554,383,1110,1668,8039,0.447,0.467,0.35,0.775,0.528,0.477
2003-04,MIN,82,58,24,0.707,19755,3033,6571,2707,5674,326,897,1361,1743,875,2645,3520,1890,561,462,1043,1731,7753,0.462,0.477,0.363,0.781,0.528,0.486
2003-04,NJN,82,47,35,0.573,19705,2813,6372,2436,5249,377,1123,1398,1856,862,2473,3335,2009,709,322,1209,1722,7401,0.441,0.464,0.336,0.753,0.515,0.471
2003-04,NOH,82,41,41,0.5,19830,2772,6605,2241,4939,531,1666,1454,1937,1091,2418,3509,1716,708,346,1228,1715,7529,0.42,0.454,0.319,0.751,0.505,0.46
2003-04,NYK,82,39,43,0.476,19880,2881,6513,2475,5398,406,1115,1374,1732,950,2543,3493,1695,608,391,1289,1897,7542,0.442,0.459,0.364,0.793,0.518,0.474
2003-04,SEA,82,37,45,0.451,19805,2939,6590,2216,4654,723,1936,1363,1782,907,2318,3225,1782,661,387,1188,1784,7964,0.446,0.476,0.373,0.765,0.54,0.501
2003-04,ORL,82,21,61,0.256,19830,2904,6768,2475,5520,429,1248,1474,2000,1003,2350,3353,1584,547,308,1123,1744,7711,0.429,0.448,0.344,0.737,0.504,0.461
2003-04,PHI,82,33,49,0.402,19855,2682,6260,2343,5268,339,992,1512,2009,941,2408,3349,1640,654,358,1307,1701,7215,0.428,0.445,0.342,0.753,0.505,0.456
2003-04,PHO,82,29,53,0.354,19730,2958,6671,2543,5469,415,1202,1392,1865,924,2406,3330,1586,734,383,1249,1862,7723,0.443,0.465,0.345,0.746,0.515,0.475
2003-04,POR,82,41,41,0.5,19980,2898,6467,2517,5365,381,1102,1263,1728,1040,2376,3416,1768,613,443,1213,1554,7440,0.448,0.469,0.346,0.731,0.515,0.478
2003-04,SAC,82,55,27,0.671,19780,3103,6711,2502,5213,601,1498,1626,2044,888,2492,3380,2152,710,325,1137,1586,8433,0.462,0.48,0.401,0.795,0.554,0.507
2003-04,SAS,82,57,25,0.695,19755,2842,6434,2434,5294,408,1140,1409,2069,1029,2669,3698,1676,661,537,1203,1667,7501,0.442,0.46,0.358,0.681,0.511,0.473
2003-04,TOR,82,33,49,0.402,19980,2654,6348,2193,5054,461,1294,1237,1650,830,2419,3249,1574,604,402,1164,1748,7006,0.418,0.434,0.356,0.75,0.495,0.454
2003-04,UTA,82,42,40,0.512,19780,2690,6172,2438,5386,252,786,1639,2196,1103,2272,3375,1671,583,494,1365,2096,7271,0.436,0.453,0.321,0.746,0.509,0.456
2003-04,WAS,82,25,57,0.305,19830,2758,6556,2325,5287,433,1269,1579,2211,1115,2392,3507,1537,733,406,1439,1712,7528,0.421,0.44,0.341,0.714,0.5,0.454
2004-05,ATL,82,13,69,0.159,19855,2942,6672,2638,5699,304,973,1417,1994,1100,2335,3435,1614,629,344,1319,2009,7605,0.441,0.463,0.312,0.711,0.504,0.464
2004-05,BOS,82,45,37,0.549,19880,3046,6511,2609,5259,437,1252,1775,2323,909,2438,3347,1810,667,423,1297,2000,8304,0.468,0.496,0.349,0.764,0.551,0.501
2004-05,CHA,82,18,64,0.22,19880,2961,6859,2641,5978,320,881,1487,2096,1083,2335,3418,1794,695,440,1192,1894,7729,0.432,0.442,0.363,0.709,0.497,0.455
2004-05,CHI,82,47,35,0.573,19830,2849,6592,2338,5159,511,1433,1536,2048,1001,2591,3592,1743,576,369,1371,2028,7745,0.432,0.453,0.357,0.75,0.517,0.471
2004-05,CLE,82,42,40,0.512,19855,2990,6687,2690,5783,300,904,1634,2174,1117,2352,3469,1851,654,461,1141,1850,7914,0.447,0.465,0.332,0.752,0.518,0.47
2004-05,DAL,82,58,24,0.707,19730,3058,6691,2595,5418,463,1273,1826,2314,990,2530,3520,1610,708,461,1102,1827,8405,0.457,0.479,0.364,0.789,0.545,0.492
2004-05,DEN,82,49,33,0.598,19755,3038,6615,2718,5675,320,940,1765,2313,967,2473,3440,1958,750,489,1224,1878,8161,0.459,0.479,0.34,0.763,0.535,0.483
2004-05,DET,82,54,28,0.659,19955,2851,6421,2488,5368,363,1053,1588,2150,1054,2507,3561,1787,576,497,1133,1638,7653,0.444,0.463,0.345,0.739,0.519,0.472
2004-05,GSW,82,34,48,0.415,19905,3029,7039,2405,5265,624,1774,1412,1955,1069,2436,3505,1811,642,420,1112,1833,8094,0.43,0.457,0.352,0.722,0.512,0.475
2004-05,HOU,82,51,31,0.622,19855,2846,6419,2293,4898,553,1521,1551,1986,874,2601,3475,1733,563,378,1135,1807,7796,0.443,0.468,0.364,0.781,0.534,0.486
2004-05,IND,82,44,38,0.537,19905,2668,6169,2126,4594,542,1575,1748,2206,868,2418,3286,1489,615,357,1173,1890,7626,0.432,0.463,0.344,0.792,0.534,0.476
2004-05,LAC,82,37,45,0.451,20030,2924,6368,2693,5699,231,669,1770,2274,980,2455,3435,1901,599,422,1290,1819,7849,0.459,0.473,0.345,0.778,0.533,0.477
2004-05,LAL,82,34,48,0.415,19780,2895,6629,2251,4816,644,1813,1661,2137,1028,2511,3539,1672,508,344,1176,1794,8095,0.437,0.467,0.355,0.777,0.535,0.485
2004-05,MEM,82,45,37,0.549,19705,2802,6271,2271,4785,531,1486,1526,2024,887,2307,3194,1716,699,476,1197,1910,7661,0.447,0.475,0.357,0.754,0.535,0.489
2004-05,MIA,82,59,23,0.72,19980,3097,6368,2622,5108,475,1260,1658,2466,887,2639,3526,1790,528,474,1127,1814,8327,0.486,0.513,0.377,0.672,0.559,0.524
2004-05,MIL,82,30,52,0.366,19780,2964,6580,2639,5655,325,925,1720,2229,985,2405,3390,1720,529,289,1132,1797,7973,0.45,0.467,0.351,0.772,0.527,0.475
2004-05,MIN,82,44,38,0.537,19755,3045,6629,2650,5484,395,1145,1449,1820,947,2580,3527,1918,460,447,1079,1774,7934,0.459,0.483,0.345,0.796,0.534,0.489
2004-05,NJN,82,42,40,0.512,19905,2753,6419,2318,5216,435,1203,1555,2039,855,2387,3242,1772,650,308,1164,1985,7496,0.429,0.444,0.362,0.763,0.512,0.463
2004-05,NOH,82,18,64,0.22,19930,2718,6556,2303,5240,415,1316,1401,1830,1019,2281,3300,1724,550,310,1217,1883,7252,0.415,0.44,0.315,0.766,0.493,0.446
2004-05,NYK,82,33,49,0.402,19880,2978,6599,2537,5359,441,1240,1580,2060,965,2393,3358,1665,629,260,1204,1942,7977,0.451,0.473,0.356,0.767,0.531,0.485
2004-05,SEA,82,52,30,0.634,19755,2882,6498,2216,4674,666,1824,1683,2131,1041,2311,3352,1487,553,338,1113,1944,8113,0.444,0.474,0.365,0.79,0.546,0.495
2004-05,ORL,82,36,46,0.439,19705,3034,6679,2714,5763,320,916,1772,2335,1038,2544,3582,1583,633,441,1322,1937,8160,0.454,0.471,0.349,0.759,0.529,0.478
2004-05,PHI,82,43,39,0.524,19855,2946,6736,2441,5283,505,1453,1731,2194,909,2536,3445,1710,756,321,1274,1878,8128,0.437,0.462,0.348,0.789,0.528,0.475
2004-05,PHO,82,62,20,0.756,19780,3351,7018,2555,4992,796,2026,1556,2080,967,2652,3619,1927,572,453,1125,1563,9054,0.477,0.512,0.393,0.748,0.571,0.534
2004-05,POR,82,27,55,0.329,19730,2896,6422,2476,5261,420,1161,1409,1944,970,2404,3374,1722,583,544,1308,1703,7621,0.451,0.471,0.362,0.725,0.524,0.484
2004-05,SAC,82,50,32,0.61,19855,3203,6978,2681,5582,522,1396,1577,2004,1023,2455,3478,2005,674,316,1073,1685,8505,0.459,0.48,0.374,0.787,0.541,0.496
2004-05,SAS,82,59,23,0.72,19805,2923,6450,2416,5055,507,1395,1535,2120,987,2489,3476,1771,613,543,1126,1717,7888,0.453,0.478,0.363,0.724,0.534,0.492
2004-05,TOR,82,33,49,0.402,19805,2952,6656,2304,4975,648,1681,1626,2101,844,2444,3288,1670,621,317,1087,1876,8178,0.444,0.463,0.385,0.774,0.539,0.492
2004-05,UTA,82,26,56,0.317,19780,2828,6301,2578,5539,250,762,1719,2272,1047,2243,3290,1826,541,374,1292,2189,7625,0.449,0.465,0.328,0.757,0.522,0.469
2004-05,WAS,82,45,37,0.549,19780,2966,6794,2452,5296,514,1498,1795,2476,1133,2374,3507,1563,716,347,1172,1807,8241,0.437,0.463,0.343,0.725,0.523,0.474
2005-06,ATL,82,26,56,0.317,19880,2946,6496,2522,5342,424,1154,1656,2207,1069,2232,3301,1625,587,394,1284,2054,7972,0.454,0.472,0.367,0.75,0.534,0.486
2005-06,BOS,82,33,49,0.402,19880,2951,6322,2484,5032,467,1290,1664,2204,813,2432,3245,1716,578,422,1359,2033,8033,0.467,0.494,0.362,0.755,0.551,0.504
2005-06,CHA,82,26,56,0.317,19905,2961,6843,2533,5582,428,1261,1593,2186,990,2270,3260,1717,822,354,1167,1960,7943,0.433,0.454,0.339,0.729,0.509,0.464
2005-06,CHI,82,41,41,0.5,19905,3004,6737,2444,5260,560,1477,1452,1967,906,2602,3508,1804,508,345,1224,2038,8020,0.446,0.465,0.379,0.738,0.527,0.487
2005-06,CLE,82,50,32,0.61,19830,2908,6412,2411,4947,497,1465,1689,2318,959,2511,3470,1560,567,392,1137,1733,8002,0.454,0.487,0.339,0.729,0.538,0.492
2005-06,DAL,82,60,22,0.732,19880,2948,6375,2532,5262,416,1113,1818,2322,1030,2431,3461,1473,593,488,1112,1834,8130,0.462,0.481,0.374,0.783,0.55,0.495
2005-06,DEN,82,44,38,0.537,19930,3078,6672,2728,5596,350,1076,1721,2312,903,2486,3389,1921,698,463,1216,1863,8227,0.461,0.487,0.325,0.744,0.535,0.488
2005-06,DET,82,64,18,0.78,19830,2983,6558,2426,5107,557,1451,1418,1950,975,2347,3322,1971,580,490,931,1513,7941,0.455,0.475,0.384,0.727,0.535,0.497
2005-06,GSW,82,34,48,0.415,19830,2939,6785,2314,4953,625,1832,1573,2190,980,2485,3465,1694,604,357,1156,1941,8076,0.433,0.467,0.341,0.718,0.521,0.479
2005-06,HOU,82,34,48,0.415,19830,2708,6252,2239,4838,469,1414,1502,1980,849,2565,3414,1580,588,320,1193,1863,7387,0.433,0.463,0.332,0.759,0.519,0.471
2005-06,IND,82,41,41,0.5,19730,2786,6274,2250,4738,536,1536,1591,2158,898,2559,3457,1631,598,409,1254,1821,7699,0.444,0.475,0.349,0.737,0.533,0.487
2005-06,LAC,82,47,35,0.573,19805,2993,6443,2703,5600,290,843,1694,2142,828,2704,3532,1708,534,503,1185,1872,7970,0.465,0.483,0.344,0.791,0.54,0.487
2005-06,LAL,82,45,37,0.549,19855,2992,6607,2440,5024,552,1583,1618,2172,970,2488,3458,1734,628,350,1143,1894,8154,0.453,0.486,0.349,0.745,0.539,0.495
2005-06,MEM,82,49,33,0.598,19855,2746,6125,2156,4547,590,1578,1476,2077,834,2379,3213,1586,600,442,1134,1757,7558,0.448,0.474,0.374,0.711,0.537,0.496
2005-06,MIA,82,52,30,0.634,19755,3039,6355,2542,4914,497,1441,1616,2310,858,2675,3533,1692,522,442,1186,1871,8191,0.478,0.517,0.345,0.7,0.556,0.517
2005-06,MIL,82,40,42,0.488,19855,2976,6566,2469,5231,507,1335,1561,2115,929,2448,3377,1769,597,270,1197,1902,8020,0.453,0.472,0.38,0.738,0.535,0.492
2005-06,MIN,82,33,49,0.402,19855,2888,6340,2578,5398,310,942,1436,1895,811,2422,3233,1716,559,471,1189,1889,7522,0.456,0.478,0.329,0.758,0.524,0.48
2005-06,NJN,82,49,33,0.598,19780,2778,6317,2301,4870,477,1447,1658,2187,822,2539,3361,1884,558,278,1119,1903,7691,0.44,0.472,0.33,0.758,0.528,0.478
2005-06,NOK,82,38,44,0.463,19805,2831,6428,2531,5543,300,885,1649,2176,918,2379,3297,1519,611,311,1095,1786,7611,0.44,0.457,0.339,0.758,0.515,0.464
2005-06,NYK,82,23,59,0.28,19930,2822,6206,2502,5322,320,884,1878,2587,1034,2360,3394,1468,555,271,1449,2157,7842,0.455,0.47,0.362,0.726,0.534,0.481
2005-06,SEA,82,35,47,0.427,19830,3077,6711,2472,5080,605,1631,1652,2104,1013,2233,3246,1696,622,306,1208,1933,8411,0.459,0.487,0.371,0.785,0.551,0.504
2005-06,ORL,82,36,46,0.439,19905,2911,6167,2612,5371,299,796,1663,2277,892,2402,3294,1495,532,362,1240,1908,7784,0.472,0.486,0.376,0.73,0.543,0.496
2005-06,PHI,82,38,44,0.463,19905,3001,6546,2626,5515,375,1031,1770,2330,873,2425,3298,1653,651,404,1159,1712,8147,0.458,0.476,0.364,0.76,0.538,0.487
2005-06,PHO,82,54,28,0.659,19955,3430,7167,2593,5070,837,2097,1189,1475,778,2650,3428,2179,549,412,1088,1683,8886,0.479,0.511,0.399,0.806,0.568,0.537
2005-06,POR,82,21,61,0.256,19730,2791,6267,2427,5225,364,1042,1339,1944,886,2203,3089,1490,529,435,1205,1828,7285,0.445,0.464,0.349,0.689,0.511,0.474
2005-06,SAC,82,44,38,0.537,19830,2954,6500,2460,5092,494,1408,1704,2173,852,2473,3325,1825,608,299,1199,1672,8106,0.454,0.483,0.351,0.784,0.544,0.492
2005-06,SAS,82,63,19,0.768,19805,2993,6342,2469,4980,524,1362,1327,1891,851,2548,3399,1717,543,467,1126,1714,7837,0.472,0.496,0.385,0.702,0.546,0.513
2005-06,TOR,82,27,55,0.329,19955,3013,6639,2405,5019,608,1620,1653,2089,864,2291,3155,1593,529,272,1071,1965,8287,0.454,0.479,0.375,0.791,0.548,0.5
2005-06,UTA,82,41,41,0.5,19880,2744,6207,2433,5282,311,925,1774,2466,1071,2380,3451,1772,524,492,1290,2032,7573,0.442,0.461,0.336,0.719,0.519,0.467
2005-06,WAS,82,42,40,0.512,19830,2975,6656,2478,5262,497,1394,1889,2496,1035,2344,3379,1523,658,339,1143,1855,8336,0.447,0.471,0.357,0.757,0.538,0.484
2006-07,ATL,82,30,52,0.366,19880,2831,6372,2490,5334,341,1038,1677,2203,976,2312,3288,1573,609,446,1306,1970,7680,0.444,0.467,0.329,0.761,0.523,0.471
2006-07,BOS,82,24,58,0.293,19855,2858,6454,2387,5171,471,1283,1670,2178,918,2391,3309,1630,589,382,1350,1971,7857,0.443,0.462,0.367,0.767,0.53,0.479
2006-07,CHA,82,33,49,0.402,20005,2960,6643,2503,5363,457,1280,1568,2136,920,2346,3266,1836,638,369,1224,1985,7945,0.446,0.467,0.357,0.734,0.524,0.48
2006-07,CHI,82,49,33,0.598,19780,3046,6663,2566,5426,480,1237,1528,2083,984,2597,3581,1832,639,445,1310,1908,8100,0.457,0.473,0.388,0.734,0.534,0.493
2006-07,CLE,82,50,32,0.61,19880,2978,6658,2484,5254,494,1404,1484,2133,1039,2529,3568,1708,625,353,1177,1781,7934,0.447,0.473,0.352,0.696,0.522,0.484
2006-07,DAL,82,67,15,0.817,19755,3010,6442,2475,5038,535,1404,1646,2045,920,2515,3435,1632,560,408,1140,1837,8201,0.467,0.491,0.381,0.805,0.559,0.509
2006-07,DEN,82,45,37,0.549,19780,3164,6805,2680,5365,484,1440,1827,2449,1001,2558,3559,1920,678,435,1352,1756,8639,0.465,0.5,0.336,0.746,0.548,0.501
2006-07,DET,82,53,29,0.646,19880,2942,6484,2493,5179,449,1305,1539,1988,948,2374,3322,1768,583,472,1001,1672,7872,0.454,0.481,0.344,0.774,0.535,0.488
2006-07,GSW,82,42,40,0.512,19755,3261,7048,2561,5081,700,1967,1515,2113,940,2456,3396,1950,750,466,1309,1933,8737,0.463,0.504,0.356,0.717,0.548,0.512
2006-07,HOU,82,52,30,0.634,19855,2906,6528,2201,4635,705,1893,1436,1906,880,2673,3553,1704,583,337,1162,1710,7953,0.445,0.475,0.372,0.753,0.54,0.499
2006-07,IND,82,35,47,0.427,19780,2872,6561,2391,5172,481,1389,1615,2125,990,2441,3431,1680,599,447,1335,1912,7840,0.438,0.462,0.346,0.76,0.523,0.474
2006-07,LAC,82,40,42,0.488,19730,2880,6318,2566,5415,314,903,1769,2245,888,2484,3372,1762,596,472,1239,1858,7843,0.456,0.474,0.348,0.788,0.537,0.481
2006-07,LAL,82,42,40,0.512,20030,3103,6664,2495,4940,608,1724,1660,2221,886,2495,3381,1850,600,421,1273,1889,8474,0.466,0.505,0.353,0.747,0.554,0.511
2006-07,MEM,82,22,60,0.268,19980,2998,6448,2498,5086,500,1362,1835,2410,866,2375,3241,1680,564,407,1343,1827,8331,0.465,0.491,0.367,0.761,0.555,0.504
2006-07,MIA,82,44,38,0.537,19855,2919,6288,2391,4749,528,1539,1393,2019,817,2526,3343,1681,566,442,1201,1749,7759,0.464,0.503,0.343,0.69,0.541,0.506
2006-07,MIL,82,28,54,0.341,19855,3121,6714,2597,5242,524,1472,1406,1919,941,2272,3213,1771,587,224,1240,1821,8172,0.465,0.495,0.356,0.733,0.541,0.504
2006-07,MIN,82,32,50,0.39,20005,2997,6503,2613,5414,384,1089,1499,1892,819,2474,3293,1848,532,325,1278,1758,7877,0.461,0.483,0.353,0.792,0.537,0.49
2006-07,NJN,82,41,41,0.5,19880,2913,6379,2304,4703,609,1676,1566,2153,822,2525,3347,1962,499,273,1212,1869,8001,0.457,0.49,0.363,0.727,0.546,0.504
2006-07,NOK,82,39,43,0.476,19880,2971,6674,2516,5418,455,1256,1436,1941,1025,2512,3537,1537,522,347,1187,1620,7833,0.445,0.464,0.362,0.74,0.52,0.479
2006-07,NYK,82,33,49,0.402,20005,2903,6356,2429,4986,474,1370,1714,2396,1032,2516,3548,1532,543,260,1405,1932,7994,0.457,0.487,0.346,0.715,0.539,0.494
2006-07,SEA,82,31,51,0.378,19830,3047,6628,2522,5177,525,1451,1511,1911,928,2322,3250,1695,631,301,1268,1801,8130,0.46,0.487,0.362,0.791,0.544,0.499
2006-07,ORL,82,40,42,0.488,19780,2875,6090,2533,5128,342,962,1679,2393,920,2418,3338,1525,565,416,1392,1904,7771,0.472,0.494,0.356,0.702,0.544,0.5
2006-07,PHI,82,35,47,0.427,19880,2932,6408,2648,5585,284,823,1637,2135,899,2353,3252,1669,590,390,1258,1671,7785,0.458,0.474,0.345,0.767,0.53,0.48
2006-07,PHO,82,61,21,0.744,19905,3388,6855,2603,4890,785,1965,1476,1827,737,2583,3320,2122,553,394,1189,1659,9037,0.494,0.532,0.399,0.808,0.59,0.551
2006-07,POR,82,32,50,0.39,19955,2874,6392,2448,5160,426,1232,1543,2006,923,2299,3222,1513,555,380,1236,1931,7717,0.45,0.474,0.346,0.769,0.53,0.483
2006-07,SAC,82,33,49,0.402,19805,2941,6532,2411,5019,530,1513,1891,2473,797,2396,3193,1665,671,265,1194,1792,8303,0.45,0.48,0.35,0.765,0.545,0.491
2006-07,SAS,82,58,24,0.707,19780,2999,6328,2404,4767,595,1561,1486,1980,761,2577,3338,1814,587,417,1137,1588,8079,0.474,0.504,0.381,0.751,0.561,0.521
2006-07,TOR,82,47,35,0.573,19755,3032,6547,2501,5083,531,1464,1562,1982,755,2480,3235,1822,581,321,1104,1672,8157,0.463,0.492,0.363,0.788,0.55,0.504
2006-07,UTA,82,51,31,0.622,19805,3069,6471,2715,5415,354,1056,1830,2462,1030,2456,3486,2024,577,339,1277,2067,8322,0.474,0.501,0.335,0.743,0.551,0.502
2006-07,WAS,82,41,41,0.5,19830,3070,6820,2509,5206,561,1614,1855,2425,998,2379,3377,1660,635,375,1133,1823,8556,0.45,0.482,0.348,0.765,0.542,0.491
2007-08,ATL,82,37,45,0.451,19855,2975,6552,2591,5474,384,1078,1720,2227,1008,2454,3462,1804,600,448,1223,1673,8054,0.454,0.473,0.356,0.772,0.535,0.483
2007-08,BOS,82,66,16,0.805,19755,2986,6286,2390,4722,596,1564,1677,2176,830,2615,3445,1833,696,379,1246,1864,8245,0.475,0.506,0.381,0.771,0.569,0.522
2007-08,CHA,82,32,50,0.39,19880,2960,6554,2431,5111,529,1443,1510,2115,892,2440,3332,1748,614,402,1204,1777,7959,0.452,0.476,0.367,0.714,0.532,0.492
2007-08,CHI,82,33,49,0.402,19805,2987,6861,2513,5556,474,1305,1533,2029,1050,2478,3528,1811,635,429,1197,1784,7981,0.435,0.452,0.363,0.756,0.515,0.47
2007-08,CLE,82,45,37,0.549,19855,2937,6697,2385,5153,552,1544,1477,2061,1092,2563,3655,1640,579,427,1145,1712,7903,0.439,0.463,0.358,0.717,0.52,0.48
2007-08,DAL,82,51,31,0.622,19730,3025,6515,2531,5112,494,1403,1690,2075,883,2643,3526,1720,490,402,1037,1786,8234,0.464,0.495,0.352,0.814,0.554,0.502
2007-08,DEN,82,50,32,0.61,19855,3307,7038,2738,5433,569,1605,1891,2519,918,2698,3616,2024,752,551,1203,1731,9074,0.47,0.504,0.355,0.751,0.557,0.51
2007-08,DET,82,59,23,0.72,19730,2999,6551,2512,5221,487,1330,1507,1965,974,2423,3397,1831,583,472,956,1688,7992,0.458,0.481,0.366,0.767,0.539,0.495
2007-08,GSW,82,48,34,0.585,19780,3403,7406,2642,5221,761,2185,1538,2044,1045,2496,3541,1833,744,377,1082,1875,9105,0.459,0.506,0.348,0.752,0.548,0.511
2007-08,HOU,82,55,27,0.671,19730,3003,6698,2420,4991,583,1707,1342,1848,1002,2659,3661,1757,598,420,1125,1609,7931,0.448,0.485,0.342,0.726,0.528,0.492
2007-08,IND,82,36,46,0.439,19755,3102,6993,2347,4972,755,2021,1568,2042,904,2633,3537,1864,623,412,1236,1921,8527,0.444,0.472,0.374,0.768,0.54,0.498
2007-08,LAC,82,23,59,0.28,19805,2820,6445,2470,5366,350,1079,1702,2178,800,2491,3291,1732,557,398,1180,1745,7692,0.438,0.46,0.324,0.781,0.519,0.465
2007-08,LAL,82,57,25,0.695,19780,3248,6818,2586,5067,662,1751,1746,2270,898,2722,3620,2003,654,438,1156,1691,8904,0.476,0.51,0.378,0.769,0.57,0.525
2007-08,MEM,82,22,60,0.268,19805,3060,6737,2440,4958,620,1779,1517,2097,848,2567,3415,1574,503,386,1251,1592,8257,0.454,0.492,0.349,0.723,0.539,0.5
2007-08,MIA,82,15,67,0.183,19830,2808,6336,2317,4963,491,1373,1384,1903,743,2342,3085,1644,589,355,1202,1670,7491,0.443,0.467,0.358,0.727,0.522,0.482
2007-08,MIL,82,26,56,0.317,19855,3026,6745,2574,5432,452,1313,1452,1980,1055,2363,3418,1760,544,361,1210,1748,7956,0.449,0.474,0.344,0.733,0.522,0.482
2007-08,MIN,82,22,60,0.268,19730,3076,6817,2635,5558,441,1259,1246,1693,964,2428,3392,1630,616,306,1188,1885,7839,0.451,0.474,0.35,0.736,0.518,0.484
2007-08,NJN,82,34,48,0.415,19830,2856,6450,2358,5020,498,1430,1647,2237,913,2520,3433,1925,521,390,1229,1855,7857,0.443,0.47,0.348,0.736,0.528,0.481
2007-08,NOH,82,56,26,0.683,19805,3164,6796,2534,5175,630,1621,1312,1707,937,2494,3431,1785,637,321,974,1531,8270,0.466,0.49,0.389,0.769,0.548,0.512
2007-08,NYK,82,23,59,0.28,19880,2967,6757,2477,5303,490,1454,1524,2095,1029,2457,3486,1530,521,213,1187,1761,7948,0.439,0.467,0.337,0.727,0.518,0.475
2007-08,SEA,82,20,62,0.244,19830,3125,7032,2812,6093,313,939,1436,1866,971,2688,3659,1748,531,400,1310,1680,7999,0.444,0.462,0.333,0.77,0.509,0.467
2007-08,ORL,82,52,30,0.634,19780,3058,6446,2257,4372,801,2074,1650,2288,768,2677,3445,1706,520,333,1173,1688,8567,0.474,0.516,0.386,0.721,0.575,0.537
2007-08,PHI,82,40,42,0.488,19755,3056,6648,2754,5696,302,952,1509,2137,1067,2370,3437,1673,712,400,1172,1620,7923,0.46,0.483,0.317,0.706,0.522,0.482
2007-08,PHO,82,55,27,0.671,19780,3392,6782,2698,5018,694,1764,1548,1977,720,2683,3403,2188,532,518,1184,1633,9026,0.5,0.538,0.393,0.783,0.59,0.551
2007-08,POR,82,41,41,0.5,19905,2935,6546,2397,5120,538,1426,1412,1841,901,2438,3339,1733,455,360,1056,1642,7820,0.448,0.468,0.377,0.767,0.532,0.489
2007-08,SAC,82,38,44,0.463,19830,3043,6558,2533,5191,510,1367,1812,2272,829,2456,3285,1567,651,334,1317,1839,8408,0.464,0.488,0.373,0.798,0.556,0.503
2007-08,SAS,82,56,26,0.683,19730,2938,6424,2344,4814,594,1610,1350,1774,771,2612,3383,1718,521,337,1035,1537,7820,0.457,0.487,0.369,0.761,0.543,0.504
2007-08,TOR,82,41,41,0.5,19830,3148,6726,2576,5267,572,1459,1347,1658,790,2496,3286,1953,570,336,959,1596,8215,0.468,0.489,0.392,0.812,0.551,0.511
2007-08,UTA,82,54,28,0.659,19705,3279,6592,2872,5497,407,1095,1745,2298,942,2410,3352,2165,717,355,1200,1970,8710,0.497,0.522,0.372,0.759,0.573,0.528
2007-08,WAS,82,43,39,0.524,19905,2986,6695,2411,5081,575,1614,1557,1991,1007,2404,3411,1607,632,391,1082,1606,8104,0.446,0.475,0.356,0.782,0.535,0.489
2008-09,ATL,82,47,35,0.573,19705,2956,6451,2359,4818,597,1633,1537,2085,870,2412,3282,1657,603,376,1048,1610,8046,0.458,0.49,0.366,0.737,0.546,0.504
2008-09,BOS,82,62,20,0.756,19880,3075,6333,2537,4978,538,1355,1587,2075,869,2586,3455,1862,621,387,1280,1897,8275,0.486,0.51,0.397,0.765,0.571,0.528
2008-09,CHA,82,35,47,0.427,19930,2866,6299,2376,4960,490,1339,1455,1965,886,2366,3252,1741,580,397,1279,1754,7677,0.455,0.479,0.366,0.74,0.536,0.494
2008-09,CHI,82,41,41,0.5,19930,3126,6846,2633,5553,493,1293,1633,2052,970,2481,3451,1732,615,453,1192,1709,8378,0.457,0.474,0.381,0.796,0.541,0.493
2008-09,CLE,82,66,16,0.805,19780,3022,6454,2366,4784,656,1670,1523,2012,886,2574,3460,1663,593,435,1045,1663,8223,0.468,0.495,0.393,0.757,0.56,0.519
2008-09,DAL,82,50,32,0.61,19805,3128,6770,2557,5138,571,1632,1516,1852,909,2595,3504,1779,591,429,1043,1600,8343,0.462,0.498,0.35,0.819,0.55,0.504
2008-09,DEN,82,54,28,0.659,19730,3058,6510,2510,5033,548,1477,1891,2487,905,2507,3412,1820,710,492,1257,1874,8555,0.47,0.499,0.371,0.76,0.563,0.512
2008-09,DET,82,39,43,0.476,19905,2981,6559,2604,5480,377,1079,1388,1849,949,2448,3397,1689,493,377,973,1712,7727,0.454,0.475,0.349,0.751,0.524,0.483
2008-09,GSW,82,29,53,0.354,19880,3231,7055,2681,5580,550,1475,1893,2392,953,2492,3445,1711,638,527,1201,1842,8905,0.458,0.48,0.373,0.791,0.549,0.497
2008-09,HOU,82,53,29,0.646,19805,2959,6526,2338,4870,621,1656,1531,1903,862,2662,3524,1662,548,355,1158,1553,8070,0.453,0.48,0.375,0.805,0.548,0.501
2008-09,IND,82,36,46,0.439,19830,3220,7080,2568,5355,652,1725,1525,1890,924,2661,3585,1775,573,434,1189,1895,8617,0.455,0.48,0.378,0.807,0.545,0.501
2008-09,LAC,82,19,63,0.232,19880,2955,6696,2420,5183,535,1513,1354,1839,890,2377,3267,1723,572,482,1221,1650,7799,0.441,0.467,0.354,0.736,0.52,0.481
2008-09,LAL,82,65,17,0.793,19780,3307,6981,2760,5465,547,1516,1607,2087,1015,2587,3602,1908,718,420,1103,1698,8768,0.474,0.505,0.361,0.77,0.555,0.513
2008-09,MEM,82,24,58,0.293,19805,2865,6311,2467,5205,398,1106,1570,2077,847,2337,3184,1423,615,385,1252,1777,7698,0.454,0.474,0.36,0.756,0.533,0.486
2008-09,MIA,82,43,39,0.524,19955,3034,6646,2452,5015,582,1631,1411,1871,828,2411,3239,1671,651,451,1026,1696,8061,0.457,0.489,0.357,0.754,0.54,0.5
2008-09,MIL,82,34,48,0.415,19780,3009,6755,2498,5347,511,1408,1613,2067,973,2367,3340,1802,609,308,1154,1986,8142,0.445,0.467,0.363,0.78,0.531,0.483
2008-09,MIN,82,24,58,0.293,19805,2986,6766,2443,5227,543,1539,1504,1957,975,2442,3417,1674,512,322,1165,1785,8019,0.441,0.467,0.353,0.769,0.526,0.481
2008-09,NJN,82,34,48,0.415,19830,2925,6536,2273,4801,652,1735,1542,1980,850,2415,3265,1636,559,391,1075,1838,8044,0.448,0.473,0.376,0.779,0.543,0.497
2008-09,NOH,82,49,33,0.598,19755,2911,6366,2355,4840,556,1526,1479,1833,802,2453,3255,1609,593,338,1029,1665,7857,0.457,0.487,0.364,0.807,0.548,0.501
2008-09,NYK,82,32,50,0.39,19805,3157,7091,2334,4807,823,2284,1490,1900,911,2545,3456,1738,610,204,1174,1672,8627,0.445,0.486,0.36,0.784,0.544,0.503
2008-09,OKC,82,23,59,0.28,19805,2999,6716,2671,5767,328,949,1626,2069,999,2497,3496,1663,608,371,1330,1655,7952,0.447,0.463,0.346,0.786,0.521,0.471
2008-09,ORL,82,59,23,0.72,19730,2929,6416,2112,4269,817,2147,1611,2253,819,2728,3547,1593,570,439,1142,1664,8286,0.457,0.495,0.381,0.715,0.559,0.52
2008-09,PHI,82,41,41,0.5,19755,2997,6532,2656,5460,341,1072,1652,2216,1039,2336,3375,1647,658,415,1157,1650,7987,0.459,0.486,0.318,0.745,0.532,0.485
2008-09,PHO,82,46,36,0.561,19755,3373,6695,2820,5250,553,1445,1675,2251,900,2520,3420,1905,589,420,1288,1691,8974,0.504,0.537,0.383,0.744,0.584,0.545
2008-09,POR,82,54,28,0.659,19830,3018,6494,2422,4939,596,1555,1521,1988,1060,2360,3420,1667,550,402,1055,1671,8153,0.465,0.49,0.383,0.765,0.553,0.511
2008-09,SAC,82,17,65,0.207,19905,2990,6685,2404,5091,586,1594,1682,2107,840,2366,3206,1619,569,349,1266,1910,8248,0.447,0.472,0.368,0.798,0.542,0.491
2008-09,SAS,82,54,28,0.659,19905,3042,6534,2417,4914,625,1620,1249,1641,728,2638,3366,1736,474,329,963,1546,7958,0.466,0.492,0.386,0.761,0.548,0.513
2008-09,TOR,82,33,49,0.402,19805,3054,6673,2575,5384,479,1289,1534,1861,802,2513,3315,1835,523,390,1098,1593,8121,0.458,0.478,0.372,0.824,0.542,0.494
2008-09,UTA,82,48,34,0.585,19880,3143,6623,2751,5501,392,1122,1814,2352,940,2423,3363,2024,719,374,1210,1830,8492,0.475,0.5,0.349,0.771,0.554,0.504
2008-09,WAS,82,19,63,0.232,19705,2994,6655,2599,5457,395,1198,1494,1948,956,2330,3286,1641,619,365,1146,1679,7877,0.45,0.476,0.33,0.767,0.524,0.48
2009-10,ATL,82,53,29,0.646,19855,3181,6801,2657,5346,524,1455,1452,1914,969,2451,3420,1789,592,413,980,1632,8338,0.468,0.497,0.36,0.759,0.545,0.506
2009-10,BOS,82,50,32,0.61,19780,3039,6294,2540,4861,499,1433,1559,2090,716,2449,3165,1930,701,402,1219,1816,8136,0.483,0.523,0.348,0.746,0.564,0.522
2009-10,CHA,82,44,38,0.537,19880,2858,6306,2398,4975,460,1331,1637,2180,858,2490,3348,1658,632,446,1290,1597,7813,0.453,0.482,0.346,0.751,0.538,0.49
2009-10,CHI,82,41,41,0.5,19905,3081,6825,2729,5759,352,1066,1479,1962,937,2715,3652,1704,531,478,1175,1648,7993,0.451,0.474,0.33,0.754,0.52,0.477
2009-10,CLE,82,61,21,0.744,19780,3101,6391,2499,4809,602,1582,1569,2180,791,2692,3483,1835,564,425,1137,1591,8373,0.485,0.52,0.381,0.72,0.57,0.532
2009-10,DAL,82,55,27,0.671,19880,3140,6760,2582,5262,558,1498,1526,1870,834,2586,3420,1917,624,449,1059,1563,8364,0.464,0.491,0.372,0.816,0.552,0.506
2009-10,DEN,82,53,29,0.646,19780,3124,6678,2580,5161,544,1517,1937,2508,889,2505,3394,1719,683,417,1136,1844,8729,0.468,0.5,0.359,0.772,0.561,0.509
2009-10,DET,82,27,55,0.329,19780,2940,6602,2566,5412,374,1190,1455,1998,1053,2242,3295,1591,596,313,1100,1822,7709,0.445,0.474,0.314,0.728,0.515,0.474
2009-10,GSW,82,26,56,0.317,19730,3329,7094,2696,5407,633,1687,1631,2085,753,2397,3150,1839,761,340,1204,1886,8922,0.469,0.499,0.375,0.782,0.557,0.514
2009-10,HOU,82,42,40,0.512,19905,3094,6923,2448,5085,646,1838,1561,2022,971,2471,3442,1790,583,318,1188,1712,8395,0.447,0.481,0.351,0.772,0.537,0.494
2009-10,IND,82,32,50,0.39,19705,3020,6823,2361,4927,659,1896,1564,2019,785,2618,3403,1730,585,439,1232,1848,8263,0.443,0.479,0.348,0.775,0.536,0.491
2009-10,LAC,82,29,53,0.354,19705,3002,6601,2519,5144,483,1457,1362,1867,927,2502,3429,1810,532,466,1285,1581,7849,0.455,0.49,0.332,0.73,0.529,0.491
2009-10,LAL,82,57,25,0.695,19830,3144,6875,2612,5313,532,1562,1519,1985,973,2662,3635,1730,612,400,1096,1592,8339,0.457,0.492,0.341,0.765,0.538,0.496
2009-10,MEM,82,40,42,0.488,19905,3223,6875,2879,5855,344,1020,1614,2202,1070,2496,3566,1543,645,399,1248,1655,8404,0.469,0.492,0.337,0.733,0.536,0.494
2009-10,MIA,82,47,35,0.573,19880,2984,6518,2490,5092,494,1426,1452,1931,875,2553,3428,1548,605,457,1079,1710,7914,0.458,0.489,0.346,0.752,0.537,0.496
2009-10,MIL,82,46,36,0.561,19980,3050,6998,2405,5185,645,1813,1264,1675,965,2560,3525,1740,580,385,1085,1823,8009,0.436,0.464,0.356,0.755,0.518,0.482
2009-10,MIN,82,15,67,0.183,19780,3106,6923,2703,5742,403,1181,1436,1926,962,2556,3518,1626,597,306,1333,1699,8051,0.449,0.471,0.341,0.746,0.518,0.478
2009-10,NJN,82,12,70,0.146,19780,2813,6554,2436,5369,377,1185,1572,2015,897,2358,3255,1540,573,393,1182,1643,7575,0.429,0.454,0.318,0.78,0.509,0.458
2009-10,NOH,82,37,45,0.451,19830,3178,6842,2607,5270,571,1572,1293,1661,852,2450,3302,1828,625,300,1103,1606,8220,0.464,0.495,0.363,0.778,0.543,0.506
2009-10,NYK,82,29,53,0.354,19880,3127,6876,2384,4731,743,2145,1376,1759,836,2477,3313,1772,586,305,1148,1638,8373,0.455,0.504,0.346,0.782,0.547,0.509
2009-10,OKC,82,50,32,0.61,19805,3063,6629,2645,5400,418,1229,1778,2210,960,2607,3567,1639,654,481,1227,1743,8322,0.462,0.49,0.34,0.805,0.547,0.494
2009-10,ORL,82,59,23,0.72,19730,3005,6394,2164,4153,841,2241,1575,2176,810,2736,3546,1615,512,456,1155,1629,8426,0.47,0.521,0.375,0.724,0.573,0.536
2009-10,PHI,82,27,55,0.329,19805,3087,6706,2613,5325,474,1381,1366,1808,941,2421,3362,1723,667,439,1192,1677,8014,0.46,0.491,0.343,0.756,0.534,0.496
2009-10,PHO,82,54,28,0.659,19730,3339,6788,2609,5018,730,1770,1631,2117,910,2616,3526,1912,479,418,1210,1713,9039,0.492,0.52,0.412,0.77,0.585,0.546
2009-10,POR,82,50,32,0.61,19855,2974,6453,2483,5065,491,1388,1606,2033,913,2383,3296,1674,523,350,1012,1715,8045,0.461,0.49,0.354,0.79,0.547,0.499
2009-10,SAC,82,25,57,0.305,19880,3144,6895,2662,5512,482,1383,1430,1969,977,2518,3495,1679,564,366,1226,1827,8200,0.456,0.483,0.349,0.726,0.528,0.491
2009-10,SAS,82,50,32,0.61,19780,3150,6659,2596,5112,554,1547,1458,1969,887,2621,3508,1829,516,381,1116,1669,8312,0.473,0.508,0.358,0.74,0.552,0.515
2009-10,TOR,82,40,42,0.488,19780,3199,6631,2681,5234,518,1397,1618,2118,806,2507,3313,1804,469,384,1100,1819,8534,0.482,0.512,0.371,0.764,0.564,0.521
2009-10,UTA,82,53,29,0.646,19755,3227,6575,2788,5368,439,1207,1654,2233,872,2588,3460,2187,675,400,1246,1859,8547,0.491,0.519,0.364,0.741,0.565,0.524
2009-10,WAS,82,26,56,0.317,19830,3008,6700,2576,5475,432,1225,1444,1895,966,2458,3424,1557,493,421,1219,1752,7892,0.449,0.471,0.353,0.762,0.524,0.481
2010-11,ATL,82,44,38,0.537,19730,2971,6429,2469,5002,502,1427,1346,1728,762,2460,3222,1802,497,341,1118,1554,7790,0.462,0.494,0.352,0.779,0.542,0.501
2010-11,BOS,82,56,26,0.683,19780,3023,6219,2615,5100,408,1119,1459,1895,639,2542,3181,1921,676,344,1195,1678,7913,0.486,0.513,0.365,0.77,0.561,0.519
2010-11,CHA,82,34,48,0.415,19805,2873,6365,2480,5162,393,1203,1511,1999,848,2444,3292,1728,524,433,1192,1637,7650,0.451,0.48,0.327,0.756,0.528,0.482
2010-11,CHI,82,62,20,0.756,19830,3042,6587,2531,5172,511,1415,1492,2008,967,2654,3621,1827,592,468,1161,1639,8087,0.462,0.489,0.361,0.743,0.541,0.501
2010-11,CLE,82,19,63,0.232,19755,2886,6647,2377,5158,509,1489,1546,2075,856,2449,3305,1720,544,341,1166,1648,7827,0.434,0.461,0.342,0.745,0.518,0.472
2010-11,DAL,82,57,25,0.695,19705,3069,6463,2424,4695,645,1768,1437,1850,780,2618,3398,1954,557,352,1145,1575,8220,0.475,0.516,0.365,0.777,0.565,0.525
2010-11,DEN,82,50,32,0.61,19705,3145,6613,2483,4909,662,1704,1859,2429,791,2652,3443,1813,605,352,1157,1719,8811,0.476,0.506,0.388,0.765,0.574,0.526
2010-11,DET,82,30,52,0.366,19880,3056,6647,2584,5391,472,1256,1367,1854,931,2236,3167,1730,595,328,1067,1629,7951,0.46,0.479,0.376,0.737,0.533,0.495
2010-11,GSW,82,36,46,0.439,19830,3251,7047,2566,5298,685,1749,1290,1695,955,2370,3325,1847,737,406,1198,1806,8477,0.461,0.484,0.392,0.761,0.544,0.51
2010-11,HOU,82,43,39,0.524,19880,3170,6975,2493,5132,677,1843,1668,2083,962,2549,3511,1955,581,371,1110,1641,8685,0.454,0.486,0.367,0.801,0.55,0.503
2010-11,IND,82,37,45,0.451,19780,3003,6787,2418,5134,585,1653,1592,2035,914,2657,3571,1611,584,456,1262,1782,8183,0.442,0.471,0.354,0.782,0.533,0.486
2010-11,LAC,82,32,50,0.39,19855,3015,6594,2502,5075,513,1519,1546,2187,955,2501,3456,1813,585,402,1343,1733,8089,0.457,0.493,0.338,0.707,0.535,0.496
2010-11,LAL,82,57,25,0.695,19830,3128,6757,2604,5270,524,1487,1541,1979,989,2616,3605,1801,602,422,1073,1555,8321,0.463,0.494,0.352,0.779,0.545,0.502
2010-11,MEM,82,46,36,0.561,19880,3200,6801,2891,5875,309,926,1486,1981,970,2391,3361,1691,771,441,1145,1705,8195,0.471,0.492,0.334,0.75,0.534,0.493
2010-11,MIA,82,58,24,0.707,19780,3031,6301,2484,4822,547,1479,1760,2288,790,2666,3456,1639,544,430,1142,1674,8369,0.481,0.515,0.37,0.769,0.573,0.524
2010-11,MIL,82,35,47,0.427,19830,2814,6544,2331,5130,483,1414,1423,1881,862,2480,3342,1545,617,399,1103,1682,7534,0.43,0.454,0.342,0.757,0.511,0.467
2010-11,MIN,82,17,65,0.207,19780,3090,7014,2501,5449,589,1565,1519,1977,1085,2556,3641,1650,592,422,1398,1825,8288,0.441,0.459,0.376,0.768,0.526,0.483
2010-11,NJN,82,24,58,0.293,20005,2918,6638,2459,5301,459,1337,1427,1881,909,2440,3349,1723,458,384,1152,1807,7722,0.44,0.464,0.343,0.759,0.517,0.474
2010-11,NOH,82,46,36,0.561,19830,2944,6416,2500,5184,444,1232,1452,1897,824,2468,3292,1691,624,359,1069,1719,7784,0.459,0.482,0.36,0.765,0.537,0.493
2010-11,NYK,82,42,40,0.512,19780,3140,6867,2375,4786,765,2081,1689,2087,847,2470,3317,1757,625,475,1123,1743,8734,0.457,0.496,0.368,0.809,0.561,0.513
2010-11,OKC,82,55,27,0.671,20005,3066,6609,2579,5206,487,1403,1977,2401,903,2604,3507,1672,654,487,1156,1836,8596,0.464,0.495,0.347,0.823,0.561,0.501
2010-11,ORL,82,52,30,0.634,19830,2956,6411,2186,4308,770,2103,1453,2101,864,2679,3543,1636,548,384,1224,1640,8135,0.461,0.507,0.366,0.692,0.554,0.521
2010-11,PHI,82,41,41,0.5,19930,3125,6776,2682,5528,443,1248,1426,1851,850,2578,3428,1861,621,355,1063,1592,8119,0.461,0.485,0.355,0.77,0.535,0.494
2010-11,PHO,82,40,42,0.488,20005,3219,6844,2518,4987,701,1857,1472,1939,821,2478,3299,1945,545,357,1169,1666,8611,0.47,0.505,0.377,0.759,0.559,0.522
2010-11,POR,82,48,34,0.585,19805,2951,6599,2433,5096,518,1503,1476,1835,996,2230,3226,1736,660,358,1070,1585,7896,0.447,0.477,0.345,0.804,0.533,0.486
2010-11,SAC,82,24,58,0.293,19855,3134,6979,2706,5702,428,1277,1455,1981,1071,2526,3597,1675,608,391,1324,1805,8151,0.449,0.475,0.335,0.734,0.519,0.48
2010-11,SAS,82,61,21,0.744,19780,3148,6628,2463,4901,685,1727,1521,1984,829,2603,3432,1836,602,372,1101,1556,8502,0.475,0.503,0.397,0.767,0.567,0.527
2010-11,TOR,82,22,60,0.268,19780,3144,6755,2799,5664,345,1091,1491,1976,963,2343,3306,1795,581,350,1206,1807,8124,0.465,0.494,0.316,0.755,0.533,0.491
2010-11,UTA,82,39,43,0.476,19880,3064,6590,2629,5334,435,1256,1590,2061,898,2338,3236,1921,629,484,1175,1865,8153,0.465,0.493,0.346,0.771,0.544,0.498
2010-11,WAS,82,23,59,0.28,19930,3048,6888,2656,5706,392,1182,1489,1999,1013,2374,3387,1592,665,502,1258,1850,7977,0.443,0.465,0.332,0.745,0.513,0.471
2011-12,ATL,66,40,26,0.606,16165,2429,5348,1937,4018,492,1330,1025,1385,652,2066,2718,1481,536,303,921,1178,6375,0.454,0.482,0.37,0.74,0.535,0.5
2011-12,BOS,66,39,27,0.591,15940,2341,5086,1978,4098,363,988,1017,1308,509,2051,2560,1557,498,362,979,1315,6062,0.46,0.483,0.367,0.778,0.535,0.496
2011-12,CHA,66,7,59,0.106,15890,2193,5293,1930,4401,263,892,1090,1462,677,1894,2571,1326,397,361,957,1249,5739,0.414,0.439,0.295,0.746,0.483,0.439
2011-12,CHI,66,50,16,0.758,15940,2467,5462,2048,4345,419,1117,1006,1394,915,2165,3080,1527,456,388,923,1139,6359,0.452,0.471,0.375,0.722,0.523,0.49
2011-12,CLE,66,21,45,0.318,15965,2261,5360,1821,4087,440,1273,1178,1645,841,1949,2790,1308,466,262,1017,1317,6140,0.422,0.446,0.346,0.716,0.505,0.463
2011-12,DAL,66,36,30,0.545,16065,2398,5412,1901,3948,497,1464,1029,1334,665,2157,2822,1380,565,337,926,1226,6322,0.443,0.482,0.339,0.771,0.527,0.489
2011-12,DEN,66,38,28,0.576,16040,2572,5404,2137,4093,435,1311,1293,1760,738,2105,2843,1581,540,330,1015,1297,6872,0.476,0.522,0.332,0.735,0.556,0.516
2011-12,DET,66,25,41,0.379,15965,2291,5232,1974,4316,317,916,1098,1461,775,1882,2657,1232,460,278,1033,1293,5997,0.438,0.457,0.346,0.752,0.51,0.468
2011-12,GSW,66,23,43,0.348,15915,2489,5443,1965,4092,524,1351,951,1235,640,1947,2587,1470,528,362,915,1410,6453,0.457,0.48,0.388,0.77,0.539,0.505
2011-12,HOU,66,34,32,0.515,16065,2489,5543,2011,4213,478,1330,1018,1301,769,2014,2783,1404,496,319,955,1347,6474,0.449,0.477,0.359,0.782,0.529,0.492
2011-12,IND,66,42,24,0.636,15990,2354,5375,1962,4311,392,1064,1349,1724,826,2070,2896,1228,523,357,925,1430,6449,0.438,0.455,0.368,0.782,0.526,0.474
2011-12,LAC,66,40,26,0.606,15965,2439,5366,1925,3925,514,1441,1046,1538,800,1943,2743,1385,556,315,879,1399,6438,0.455,0.49,0.357,0.68,0.533,0.502
2011-12,LAL,66,41,25,0.621,16065,2429,5319,2067,4207,362,1112,1202,1589,799,2251,3050,1485,390,351,997,1109,6422,0.457,0.491,0.326,0.756,0.534,0.491
2011-12,MEM,66,41,25,0.621,15940,2425,5422,2148,4573,277,849,1142,1504,831,1944,2775,1290,631,345,955,1316,6269,0.447,0.47,0.326,0.759,0.515,0.473
2011-12,MIA,66,46,20,0.697,16040,2446,5212,2076,4182,370,1030,1238,1598,686,2060,2746,1317,585,355,1002,1282,6500,0.469,0.496,0.359,0.775,0.549,0.505
2011-12,MIL,66,31,35,0.47,15865,2502,5652,2066,4387,436,1265,1095,1415,820,1983,2803,1550,548,335,929,1273,6535,0.443,0.471,0.345,0.774,0.521,0.481
2011-12,MIN,66,26,40,0.394,15940,2355,5434,1882,4011,473,1423,1281,1662,797,2089,2886,1290,436,293,1001,1212,6464,0.433,0.469,0.332,0.771,0.524,0.477
2011-12,NJN,66,22,44,0.333,15890,2262,5320,1755,3839,507,1481,1113,1433,783,1879,2662,1311,493,260,995,1268,6144,0.425,0.457,0.342,0.777,0.516,0.473
2011-12,NOH,66,21,45,0.318,15940,2300,5103,2041,4326,259,777,1057,1397,724,1991,2715,1368,488,316,1024,1324,5916,0.451,0.472,0.333,0.757,0.517,0.476
2011-12,NYK,66,36,30,0.545,15940,2365,5335,1848,3797,517,1538,1211,1634,743,2012,2755,1328,622,276,1056,1391,6458,0.443,0.487,0.336,0.741,0.533,0.492
2011-12,OKC,66,47,19,0.712,15990,2462,5229,1990,3912,472,1317,1406,1744,726,2157,2883,1224,498,539,1079,1352,6802,0.471,0.509,0.358,0.806,0.567,0.516
2011-12,ORL,66,37,29,0.561,15965,2275,5162,1605,3377,670,1785,995,1508,742,2060,2802,1321,451,275,984,1168,6215,0.441,0.475,0.375,0.66,0.533,0.506
2011-12,PHI,66,35,31,0.53,15915,2471,5516,2122,4553,349,963,889,1198,704,2144,2848,1453,526,340,738,1157,6180,0.448,0.466,0.362,0.742,0.511,0.48
2011-12,PHO,66,33,33,0.5,15840,2495,5445,2051,4150,444,1295,1058,1397,717,2035,2752,1486,431,366,928,1233,6492,0.458,0.494,0.343,0.757,0.536,0.499
2011-12,POR,66,28,38,0.424,15965,2402,5417,1924,4035,478,1382,1133,1423,735,1949,2684,1349,528,322,935,1251,6415,0.443,0.477,0.346,0.796,0.531,0.488
2011-12,SAC,66,22,44,0.333,15915,2490,5712,2079,4411,411,1301,1127,1532,882,1947,2829,1271,561,323,952,1287,6518,0.436,0.471,0.316,0.736,0.51,0.472
2011-12,SAS,66,50,16,0.758,15940,2611,5463,2059,4058,552,1405,1067,1427,683,2153,2836,1528,490,293,895,1143,6841,0.478,0.507,0.393,0.748,0.562,0.528
2011-12,TOR,66,23,43,0.348,15965,2268,5154,1903,4079,365,1075,1085,1410,697,2074,2771,1382,429,321,1001,1532,5986,0.44,0.467,0.34,0.77,0.518,0.475
2011-12,UTA,66,36,30,0.545,16165,2523,5531,2250,4686,273,845,1258,1668,861,2055,2916,1439,545,385,936,1441,6577,0.456,0.48,0.323,0.754,0.525,0.481
2011-12,WAS,66,20,46,0.303,15865,2414,5475,2070,4400,344,1075,1008,1386,775,1975,2750,1262,527,417,1008,1405,6180,0.441,0.47,0.32,0.727,0.508,0.472
2012-13,ATL,82,44,38,0.537,19855,3084,6644,2378,4743,706,1901,1158,1619,758,2593,3351,2007,664,369,1219,1473,8032,0.464,0.501,0.371,0.715,0.546,0.517
2012-13,BOS,81,41,40,0.506,19840,3001,6459,2503,5069,498,1390,1318,1698,654,2533,3187,1843,667,365,1181,1717,7818,0.465,0.494,0.358,0.776,0.542,0.503
2012-13,CHA,82,21,61,0.256,19805,2823,6649,2354,5250,469,1399,1546,2060,917,2389,3306,1587,591,479,1153,1561,7661,0.425,0.448,0.335,0.75,0.507,0.46
2012-13,CHI,82,45,37,0.549,19830,2926,6698,2480,5433,446,1265,1343,1738,1026,2514,3540,1886,588,417,1171,1617,7641,0.437,0.456,0.353,0.773,0.512,0.47
2012-13,CLE,82,24,58,0.293,19730,2993,6901,2446,5320,547,1581,1380,1826,1004,2359,3363,1694,647,334,1149,1737,7913,0.434,0.46,0.346,0.756,0.514,0.473
2012-13,DAL,82,41,41,0.5,19980,3182,6892,2576,5264,606,1628,1323,1669,767,2670,3437,1906,648,454,1144,1698,8293,0.462,0.489,0.372,0.793,0.544,0.506
2012-13,DEN,82,57,25,0.695,19905,3339,6983,2818,5465,521,1518,1505,2148,1092,2601,3693,2002,762,533,1253,1682,8704,0.478,0.516,0.343,0.701,0.549,0.515
2012-13,DET,82,29,53,0.354,19805,2979,6638,2466,5198,513,1440,1307,1870,991,2463,3454,1742,574,400,1241,1623,7778,0.449,0.474,0.356,0.699,0.521,0.487
2012-13,GSW,82,47,35,0.573,19805,3130,6840,2472,5208,658,1632,1378,1744,885,2801,3686,1845,567,346,1236,1753,8296,0.458,0.475,0.403,0.79,0.545,0.506
2012-13,HOU,82,45,37,0.549,19780,3124,6782,2257,4413,867,2369,1573,2087,909,2652,3561,1902,679,359,1348,1662,8688,0.461,0.511,0.366,0.754,0.564,0.525
2012-13,IND,81,49,32,0.605,19590,2845,6525,2290,4926,555,1599,1429,1915,1043,2671,3714,1645,580,513,1227,1623,7674,0.436,0.465,0.347,0.746,0.521,0.479
2012-13,LAC,82,56,26,0.683,19730,3160,6608,2533,4856,627,1752,1342,1888,938,2475,3413,1958,784,461,1197,1716,8289,0.478,0.522,0.358,0.711,0.557,0.526
2012-13,LAL,82,45,37,0.549,19755,3041,6640,2326,4625,715,2015,1584,2289,942,2732,3674,1818,576,429,1232,1467,8381,0.458,0.503,0.355,0.692,0.548,0.512
2012-13,MEM,82,56,26,0.683,19805,2964,6679,2582,5572,382,1107,1349,1746,1059,2445,3504,1715,703,436,1144,1660,7659,0.444,0.463,0.345,0.773,0.514,0.472
2012-13,MIA,82,66,16,0.805,19880,3148,6348,2431,4539,717,1809,1423,1887,676,2490,3166,1890,710,441,1143,1533,8436,0.496,0.536,0.396,0.754,0.588,0.552
2012-13,MIL,82,38,44,0.463,19830,3128,7197,2527,5527,601,1670,1251,1700,1068,2537,3605,1876,685,550,1156,1554,8108,0.435,0.457,0.36,0.736,0.51,0.476
2012-13,MIN,82,31,51,0.378,19730,2943,6702,2493,5227,450,1475,1515,2042,973,2473,3446,1836,700,387,1214,1509,7851,0.439,0.477,0.305,0.742,0.516,0.473
2012-13,BRK,82,49,33,0.598,19855,2942,6544,2314,4784,628,1760,1432,1958,1047,2460,3507,1668,599,391,1206,1500,7944,0.45,0.484,0.357,0.731,0.536,0.498
2012-13,NOH,82,27,55,0.329,19780,2955,6589,2420,5115,535,1474,1269,1636,988,2426,3414,1721,520,440,1193,1673,7714,0.448,0.473,0.363,0.776,0.528,0.489
2012-13,NYK,82,54,28,0.659,19730,2996,6689,2105,4318,891,2371,1313,1729,890,2436,3326,1579,672,294,988,1650,8196,0.448,0.487,0.376,0.759,0.55,0.515
2012-13,OKC,82,60,22,0.732,19830,3126,6504,2528,4916,598,1588,1819,2196,854,2725,3579,1753,679,624,1253,1654,8669,0.481,0.514,0.377,0.828,0.58,0.527
2012-13,ORL,82,20,62,0.244,19780,3093,6904,2587,5367,506,1537,1026,1359,890,2612,3502,1871,528,358,1191,1591,7718,0.448,0.482,0.329,0.755,0.514,0.485
2012-13,PHI,82,34,48,0.415,19755,3059,6895,2541,5457,518,1438,1004,1377,896,2493,3389,1867,609,384,1070,1505,7640,0.444,0.466,0.36,0.729,0.509,0.481
2012-13,PHO,82,25,57,0.305,19805,3061,6917,2581,5462,480,1455,1203,1618,959,2454,3413,1855,659,434,1278,1688,7805,0.443,0.473,0.33,0.744,0.512,0.477
2012-13,POR,82,33,49,0.402,19855,3009,6715,2336,4811,673,1904,1304,1680,874,2474,3348,1784,538,353,1203,1518,7995,0.448,0.486,0.353,0.776,0.536,0.498
2012-13,SAC,82,28,54,0.341,19830,3086,6904,2476,5223,610,1681,1437,1869,943,2385,3328,1708,671,342,1199,1717,8219,0.447,0.474,0.363,0.769,0.532,0.491
2012-13,SAS,82,58,24,0.707,19880,3210,6675,2547,4911,663,1764,1365,1725,666,2721,3387,2058,695,446,1206,1427,8448,0.481,0.519,0.376,0.791,0.568,0.531
2012-13,TOR,82,34,48,0.415,19980,2979,6685,2408,5020,571,1665,1442,1831,871,2426,3297,1765,595,392,1124,1836,7971,0.446,0.48,0.343,0.788,0.532,0.488
2012-13,UTA,82,43,39,0.524,19880,3046,6710,2539,5325,507,1385,1439,1883,989,2457,3446,1859,690,515,1210,1750,8038,0.454,0.477,0.366,0.764,0.533,0.492
2012-13,WAS,82,29,53,0.354,19855,2910,6693,2365,5198,545,1495,1279,1746,887,2652,3539,1775,598,376,1238,1681,7644,0.435,0.455,0.365,0.733,0.512,0.475
2013-14,ATL,82,38,44,0.463,19830,3061,6688,2293,4572,768,2116,1392,1782,713,2565,3278,2041,680,326,1251,1577,8282,0.458,0.502,0.363,0.781,0.554,0.515
2013-14,BOS,82,25,57,0.305,19730,2996,6883,2421,5154,575,1729,1325,1706,980,2505,3485,1726,584,343,1261,1743,7892,0.435,0.47,0.333,0.777,0.517,0.477
2013-14,CHA,82,43,39,0.524,19905,2976,6730,2460,5259,516,1471,1474,2000,776,2724,3500,1778,499,421,1010,1493,7942,0.442,0.468,0.351,0.737,0.522,0.481
2013-14,CHI,82,48,34,0.585,19930,2843,6577,2335,5118,508,1459,1486,1908,937,2683,3620,1860,594,424,1223,1565,7680,0.432,0.456,0.348,0.779,0.518,0.471
2013-14,CLE,82,33,49,0.402,19930,3036,6955,2452,5315,584,1640,1398,1861,989,2629,3618,1738,579,304,1163,1640,8054,0.437,0.461,0.356,0.751,0.518,0.479
2013-14,DAL,82,49,33,0.598,19830,3249,6858,2528,4981,721,1877,1378,1733,840,2514,3354,1935,704,356,1110,1636,8597,0.474,0.508,0.384,0.795,0.564,0.526
2013-14,DEN,82,36,46,0.439,19755,3147,7042,2445,5083,702,1959,1563,2154,1009,2717,3726,1838,615,459,1305,1890,8559,0.447,0.481,0.358,0.726,0.536,0.497
2013-14,DET,82,29,53,0.354,19780,3182,7124,2675,5544,507,1580,1415,2111,1196,2525,3721,1714,687,395,1193,1666,8286,0.447,0.483,0.321,0.67,0.514,0.482
2013-14,GSW,82,51,31,0.622,19830,3236,7005,2462,4968,774,2037,1303,1731,896,2819,3715,1912,642,407,1247,1784,8549,0.462,0.496,0.38,0.753,0.55,0.517
2013-14,HOU,82,54,28,0.659,19830,3118,6603,2339,4424,779,2179,1814,2549,920,2797,3717,1755,621,461,1323,1676,8829,0.472,0.529,0.358,0.712,0.571,0.531
2013-14,IND,82,56,26,0.683,19780,2949,6573,2399,5031,550,1542,1485,1907,834,2831,3665,1651,550,446,1237,1675,7933,0.449,0.477,0.357,0.779,0.535,0.49
2013-14,LAC,82,57,25,0.695,19755,3208,6761,2515,4795,693,1966,1741,2384,858,2668,3526,2016,703,397,1136,1767,8850,0.474,0.525,0.352,0.73,0.567,0.526
2013-14,LAL,82,27,55,0.329,19705,3139,6980,2365,4948,774,2032,1390,1835,745,2620,3365,2006,611,446,1239,1627,8442,0.45,0.478,0.381,0.757,0.542,0.505
2013-14,MEM,82,50,32,0.61,19805,3122,6723,2717,5576,405,1147,1235,1666,950,2526,3476,1792,631,375,1124,1568,7884,0.464,0.487,0.353,0.741,0.529,0.494
2013-14,MIA,82,54,28,0.659,19880,3142,6272,2477,4443,665,1829,1431,1884,627,2397,3024,1847,732,367,1212,1596,8380,0.501,0.558,0.364,0.76,0.59,0.554
2013-14,MIL,82,15,67,0.183,19880,2952,6737,2404,5184,548,1553,1377,1843,971,2399,3370,1760,541,403,1238,1713,7829,0.438,0.464,0.353,0.747,0.519,0.479
2013-14,MIN,82,40,42,0.488,19855,3189,7175,2589,5418,600,1757,1790,2301,1024,2644,3668,1963,718,297,1142,1504,8768,0.444,0.478,0.341,0.778,0.535,0.486
2013-14,BRK,82,44,38,0.537,19880,2931,6391,2222,4469,709,1922,1508,2002,721,2407,3128,1714,705,311,1191,1777,8079,0.459,0.497,0.369,0.753,0.555,0.514
2013-14,NOP,82,34,48,0.415,19855,3101,6761,2615,5458,486,1303,1489,1936,933,2486,3419,1745,647,523,1129,1857,8177,0.459,0.479,0.373,0.769,0.537,0.495
2013-14,NYK,82,37,45,0.451,19855,3027,6739,2268,4701,759,2038,1271,1670,870,2437,3307,1641,631,367,1063,1815,8084,0.449,0.482,0.372,0.761,0.541,0.505
2013-14,OKC,82,59,23,0.72,19805,3194,6782,2530,4943,664,1839,1653,2052,887,2781,3668,1794,678,501,1256,1858,8705,0.471,0.512,0.361,0.806,0.566,0.52
2013-14,ORL,82,23,59,0.28,19955,3022,6784,2459,5188,563,1596,1307,1714,794,2654,3448,1726,630,350,1222,1678,7914,0.445,0.474,0.353,0.763,0.525,0.487
2013-14,PHI,82,19,63,0.232,19855,3108,7150,2531,5303,577,1847,1362,1918,949,2556,3505,1791,765,330,1384,1844,8155,0.435,0.477,0.312,0.71,0.51,0.475
2013-14,PHO,82,48,34,0.585,19755,3172,6845,2407,4790,765,2055,1520,2004,928,2601,3529,1563,688,374,1258,1798,8629,0.463,0.503,0.372,0.758,0.558,0.519
2013-14,POR,82,54,28,0.659,19855,3207,7134,2437,5063,770,2071,1569,1926,1022,2786,3808,1904,454,387,1125,1576,8753,0.45,0.481,0.372,0.815,0.548,0.504
2013-14,SAC,82,28,54,0.341,19830,3026,6766,2535,5291,491,1475,1698,2237,990,2656,3646,1547,587,318,1249,1849,8241,0.447,0.479,0.333,0.759,0.532,0.484
2013-14,SAS,82,62,20,0.756,19755,3326,6844,2628,5087,698,1757,1289,1642,762,2786,3548,2064,604,420,1180,1495,8639,0.486,0.517,0.397,0.785,0.571,0.537
2013-14,TOR,82,48,34,0.585,19955,2992,6718,2279,4801,713,1917,1608,2055,935,2552,3487,1737,577,343,1159,1882,8305,0.445,0.475,0.372,0.782,0.545,0.498
2013-14,UTA,82,25,57,0.305,19780,2951,6652,2408,5075,543,1577,1346,1803,904,2477,3381,1664,570,366,1200,1699,7791,0.444,0.474,0.344,0.747,0.523,0.484
2013-14,WAS,82,44,38,0.537,20055,3177,6920,2530,5216,647,1704,1253,1715,886,2573,3459,1909,668,377,1204,1675,8254,0.459,0.485,0.38,0.731,0.538,0.506
2014-15,ATL,82,60,22,0.732,19730,3121,6699,2303,4547,818,2152,1349,1735,715,2611,3326,2111,744,380,1167,1457,8409,0.466,0.506,0.38,0.778,0.563,0.527
2014-15,BOS,82,40,42,0.488,19880,3193,7211,2533,5190,660,2021,1266,1678,910,2685,3595,2009,674,294,1133,1738,8312,0.443,0.488,0.327,0.754,0.523,0.489
2014-15,CHO,82,33,49,0.402,19905,2913,6932,2415,5366,498,1566,1397,1867,820,2793,3613,1654,499,448,976,1494,7721,0.42,0.45,0.318,0.748,0.498,0.456
2014-15,CHI,82,50,32,0.61,19880,3001,6797,2356,4972,645,1825,1618,2067,959,2792,3751,1781,514,476,1145,1495,8265,0.442,0.474,0.353,0.783,0.536,0.489
2014-15,CLE,82,53,29,0.646,19780,3089,6739,2263,4486,826,2253,1453,1934,911,2612,3523,1814,603,340,1171,1510,8457,0.458,0.504,0.367,0.751,0.557,0.52
2014-15,DAL,82,50,32,0.61,19880,3255,7036,2523,4954,732,2082,1386,1843,858,2608,3466,1846,663,371,1062,1644,8628,0.463,0.509,0.352,0.752,0.55,0.515
2014-15,DEN,82,30,52,0.366,19880,3099,7158,2439,5126,660,2032,1462,1991,1012,2653,3665,1788,641,367,1166,1882,8320,0.433,0.476,0.325,0.734,0.518,0.479
2014-15,DET,82,32,50,0.39,19830,3041,7038,2338,4995,703,2043,1292,1838,1051,2630,3681,1771,623,383,1099,1559,8077,0.432,0.468,0.344,0.703,0.515,0.482
2014-15,GSW,82,67,15,0.817,19730,3410,7137,2527,4920,883,2217,1313,1709,853,2814,3667,2248,762,496,1185,1628,9016,0.478,0.514,0.398,0.768,0.571,0.54
2014-15,HOU,82,56,26,0.683,19805,3032,6832,2099,4152,933,2680,1525,2133,958,2624,3582,1820,777,407,1366,1803,8522,0.444,0.506,0.348,0.715,0.548,0.512
2014-15,IND,82,38,44,0.463,19855,2998,6824,2386,5084,612,1740,1373,1817,856,2822,3678,1757,505,375,1147,1742,7981,0.439,0.469,0.352,0.756,0.523,0.484
2014-15,LAC,82,56,26,0.683,19730,3228,6830,2401,4628,827,2202,1468,2067,784,2711,3495,2031,640,409,1012,1749,8751,0.473,0.519,0.376,0.71,0.565,0.533
2014-15,LAL,82,21,61,0.256,19930,3054,7020,2522,5474,532,1546,1433,1935,952,2647,3599,1715,578,366,1086,1741,8073,0.435,0.461,0.344,0.741,0.513,0.473
2014-15,MEM,82,55,27,0.671,19905,3097,6763,2674,5517,423,1246,1445,1869,856,2634,3490,1777,700,347,1094,1567,8062,0.458,0.485,0.339,0.773,0.531,0.489
2014-15,MIA,82,37,45,0.451,19730,2885,6330,2329,4671,556,1659,1438,1940,747,2461,3208,1626,642,372,1214,1636,7764,0.456,0.499,0.335,0.741,0.54,0.5
2014-15,MIL,82,41,41,0.5,19930,3083,6722,2538,5222,545,1500,1312,1734,876,2574,3450,1932,789,403,1373,1814,8023,0.459,0.486,0.363,0.757,0.536,0.499
2014-15,MIN,82,16,66,0.195,19805,2986,6820,2580,5597,406,1223,1638,2110,949,2406,3355,1771,668,327,1231,1571,8016,0.438,0.461,0.332,0.776,0.517,0.468
2014-15,BRK,82,38,44,0.463,19930,3069,6804,2528,5171,541,1633,1359,1817,846,2627,3473,1716,576,340,1133,1579,8038,0.451,0.489,0.331,0.748,0.529,0.491
2014-15,NOP,82,45,37,0.549,19780,3108,6795,2522,5212,586,1583,1345,1790,942,2621,3563,1806,553,510,1087,1530,8147,0.457,0.484,0.37,0.751,0.537,0.501
2014-15,NYK,82,17,65,0.207,19855,2882,6726,2322,5112,560,1614,1211,1575,867,2443,3310,1746,575,382,1206,1768,7535,0.428,0.454,0.347,0.769,0.508,0.47
2014-15,OKC,82,45,37,0.549,19830,3184,7119,2552,5255,632,1864,1524,2020,1052,2844,3896,1681,598,454,1205,1829,8524,0.447,0.486,0.339,0.754,0.532,0.492
2014-15,ORL,82,25,57,0.305,19755,3076,6792,2522,5194,554,1598,1141,1565,822,2607,3429,1692,647,314,1221,1714,7847,0.453,0.486,0.347,0.729,0.524,0.494
2014-15,PHI,82,18,64,0.22,19805,2765,6777,2073,4617,692,2160,1320,1953,978,2536,3514,1683,789,487,1453,1778,7542,0.408,0.449,0.32,0.676,0.494,0.459
2014-15,PHO,82,39,43,0.476,19880,3178,7038,2480,4990,698,2048,1343,1767,896,2643,3539,1659,700,385,1238,1744,8397,0.452,0.497,0.341,0.76,0.537,0.501
2014-15,POR,82,51,31,0.622,19855,3175,7049,2368,4818,807,2231,1272,1589,879,2881,3760,1799,525,372,1117,1494,8429,0.45,0.491,0.362,0.801,0.544,0.508
2014-15,SAC,82,29,53,0.354,19855,3010,6617,2549,5267,461,1350,1829,2400,895,2728,3623,1667,550,324,1333,1696,8310,0.455,0.484,0.341,0.762,0.542,0.49
2014-15,SAS,82,55,27,0.671,19955,3208,6854,2531,5007,677,1847,1368,1754,806,2772,3578,2000,657,444,1146,1564,8461,0.468,0.505,0.367,0.78,0.555,0.517
2014-15,TOR,82,49,33,0.598,19855,3108,6829,2382,4769,726,2060,1585,2014,881,2526,3407,1701,615,357,1057,1712,8527,0.455,0.499,0.352,0.787,0.553,0.508
2014-15,UTA,82,38,44,0.463,19705,2900,6492,2290,4711,610,1781,1391,1929,988,2617,3605,1632,623,489,1256,1583,7801,0.447,0.486,0.343,0.721,0.531,0.494
2014-15,WAS,82,46,36,0.561,19955,3139,6790,2642,5409,497,1381,1305,1758,862,2801,3663,1969,601,378,1233,1707,8080,0.462,0.488,0.36,0.742,0.534,0.499
2015-16,ATL,82,48,34,0.585,19830,3168,6923,2353,4597,815,2326,1282,1638,679,2772,3451,2100,747,486,1226,1570,8433,0.458,0.512,0.35,0.783,0.552,0.516
2015-16,BOS,82,48,34,0.585,19780,3216,7318,2499,5176,717,2142,1520,1929,950,2733,3683,1981,752,348,1127,1796,8669,0.439,0.483,0.335,0.788,0.531,0.488
2015-16,CHO,82,48,34,0.585,19855,3036,6922,2163,4512,873,2410,1534,1941,734,2869,3603,1778,595,438,1030,1487,8479,0.439,0.479,0.362,0.79,0.545,0.502
2015-16,CHI,82,42,40,0.512,19905,3165,7170,2514,5417,651,1753,1354,1720,907,2889,3796,1870,495,470,1141,1545,8335,0.441,0.464,0.371,0.787,0.526,0.487
2015-16,CLE,82,57,25,0.695,19855,3171,6888,2291,4460,880,2428,1333,1783,873,2777,3650,1861,551,317,1114,1666,8555,0.46,0.514,0.362,0.748,0.558,0.524
2015-16,DAL,82,42,40,0.512,20005,3064,6900,2258,4558,806,2342,1454,1831,751,2781,3532,1813,560,306,1047,1595,8388,0.444,0.495,0.344,0.794,0.544,0.502
2015-16,DEN,82,33,49,0.402,19830,3093,7003,2437,5060,656,1943,1513,1974,941,2718,3659,1858,609,395,1202,1723,8355,0.442,0.482,0.338,0.766,0.531,0.489
2015-16,DET,82,44,38,0.537,19880,3111,7087,2371,4939,740,2148,1399,2095,1021,2777,3798,1594,573,304,1110,1557,8361,0.439,0.48,0.345,0.668,0.522,0.491
2015-16,GSW,82,73,9,0.89,19880,3489,7159,2412,4567,1077,2592,1366,1790,816,2972,3788,2373,689,498,1245,1701,9421,0.487,0.528,0.416,0.763,0.593,0.563
2015-16,HOU,82,41,41,0.5,19830,3094,6847,2216,4314,878,2533,1671,2407,930,2601,3531,1821,821,430,1307,1790,8737,0.452,0.514,0.347,0.694,0.553,0.516
2015-16,IND,82,45,37,0.549,19880,3142,6985,2479,5096,663,1889,1430,1872,847,2779,3626,1741,742,391,1219,1641,8377,0.45,0.486,0.351,0.764,0.536,0.497
2015-16,LAC,82,53,29,0.646,19830,3141,6759,2344,4569,797,2190,1490,2152,721,2727,3448,1873,709,460,1063,1746,8569,0.465,0.513,0.364,0.692,0.556,0.524
2015-16,LAL,82,17,65,0.207,19730,2880,6956,2241,4940,639,2016,1583,2028,878,2645,3523,1478,593,337,1124,1662,7982,0.414,0.454,0.317,0.781,0.509,0.46
2015-16,MEM,82,42,40,0.512,19830,3019,6859,2515,5338,504,1521,1584,2024,916,2497,3413,1697,724,350,1090,1783,8126,0.44,0.471,0.331,0.783,0.524,0.477
2015-16,MIA,82,48,34,0.585,19830,3150,6697,2652,5217,498,1480,1406,1889,807,2811,3618,1709,553,531,1155,1502,8204,0.47,0.508,0.336,0.744,0.545,0.508
2015-16,MIL,82,33,49,0.402,19830,3145,6740,2705,5463,440,1277,1392,1863,858,2559,3417,1895,672,475,1247,1695,8122,0.467,0.495,0.345,0.747,0.537,0.499
2015-16,MIN,82,29,53,0.354,19880,3095,6668,2640,5321,455,1347,1753,2213,821,2587,3408,1916,656,375,1231,1696,8398,0.464,0.496,0.338,0.792,0.549,0.498
2015-16,BRK,82,21,61,0.256,19755,3136,6920,2605,5412,531,1508,1286,1699,863,2614,3477,1829,627,332,1212,1476,8089,0.453,0.481,0.352,0.757,0.527,0.492
2015-16,NOP,82,30,52,0.366,19780,3153,7040,2451,5089,702,1951,1415,1823,782,2712,3494,1818,633,342,1102,1713,8423,0.448,0.482,0.36,0.776,0.537,0.498
2015-16,NYK,82,32,50,0.39,19805,3022,6886,2412,5124,610,1762,1411,1753,850,2788,3638,1682,467,466,1099,1616,8065,0.439,0.471,0.346,0.805,0.527,0.483
2015-16,OKC,82,55,27,0.671,19830,3372,7082,2694,5137,678,1945,1616,2067,1071,2916,3987,1883,603,487,1305,1691,9038,0.476,0.524,0.349,0.782,0.565,0.524
2015-16,ORL,82,35,47,0.427,19905,3242,7120,2606,5302,636,1818,1249,1649,843,2709,3552,1933,673,417,1155,1701,8369,0.455,0.492,0.35,0.757,0.533,0.5
2015-16,PHI,82,10,72,0.122,19805,2970,6887,2206,4632,764,2255,1284,1850,777,2605,3382,1765,680,495,1343,1780,7988,0.431,0.476,0.339,0.694,0.519,0.487
2015-16,PHO,82,23,59,0.28,19705,3051,7018,2313,4900,738,2118,1431,1905,943,2733,3676,1701,632,313,1410,1858,8271,0.435,0.472,0.348,0.751,0.526,0.487
2015-16,POR,82,44,38,0.537,19805,3167,7040,2303,4704,864,2336,1424,1889,948,2782,3730,1748,562,380,1200,1782,8622,0.45,0.49,0.37,0.754,0.548,0.511
2015-16,SAC,82,33,49,0.402,19805,3283,7083,2623,5244,660,1839,1514,2089,868,2760,3628,2009,733,368,1326,1676,8740,0.464,0.5,0.359,0.725,0.546,0.51
2015-16,SAS,82,67,15,0.817,19705,3289,6797,2719,5279,570,1518,1342,1672,770,2831,3601,2010,677,485,1071,1433,8490,0.484,0.515,0.375,0.803,0.564,0.526
2015-16,TOR,82,56,26,0.683,19780,3006,6669,2298,4754,708,1915,1702,2190,836,2724,3560,1536,636,449,1073,1610,8422,0.451,0.483,0.37,0.777,0.552,0.504
2015-16,UTA,82,40,42,0.488,19955,2957,6593,2263,4637,694,1956,1402,1885,880,2665,3545,1555,631,425,1224,1655,8010,0.449,0.488,0.355,0.744,0.54,0.501
2015-16,WAS,82,41,41,0.5,19755,3238,7033,2529,5050,709,1983,1349,1849,743,2688,3431,2005,708,323,1186,1708,8534,0.46,0.501,0.358,0.73,0.544,0.511
2016-17,ATL,82,43,39,0.524,19880,3123,6918,2394,4781,729,2137,1484,2039,842,2793,3635,1938,672,397,1294,1491,8459,0.451,0.501,0.341,0.728,0.541,0.504
2016-17,BOS,82,53,29,0.646,19755,3168,6978,2183,4236,985,2742,1536,1903,744,2698,3442,2069,617,340,1088,1686,8857,0.454,0.515,0.359,0.807,0.567,0.525
2016-17,CHO,82,36,46,0.439,19830,3093,7000,2269,4653,824,2347,1591,1953,721,2853,3574,1891,571,390,942,1360,8601,0.442,0.488,0.351,0.815,0.547,0.501
2016-17,CHI,82,41,41,0.5,19780,3169,7141,2546,5310,623,1831,1474,1848,999,2797,3796,1851,643,393,1112,1455,8435,0.444,0.479,0.34,0.798,0.53,0.487
2016-17,CLE,82,51,31,0.622,19880,3275,6963,2208,4184,1067,2779,1431,1913,766,2821,3587,1858,539,327,1121,1486,9048,0.47,0.528,0.384,0.748,0.58,0.547
2016-17,DAL,82,33,49,0.402,19780,2968,6750,2090,4277,878,2473,1215,1516,647,2516,3163,1705,614,307,972,1567,8029,0.44,0.489,0.355,0.801,0.541,0.505
2016-17,DEN,82,40,42,0.488,19755,3377,7194,2507,4829,870,2365,1537,1986,966,2837,3803,2077,568,323,1226,1567,9161,0.469,0.519,0.368,0.774,0.568,0.53
2016-17,DET,82,37,45,0.451,19805,3269,7282,2638,5367,631,1915,1140,1586,908,2838,3746,1732,574,310,973,1467,8309,0.449,0.492,0.33,0.719,0.521,0.492
2016-17,GSW,82,67,15,0.817,19780,3532,7140,2550,4578,982,2562,1457,1850,770,2873,3643,2491,785,555,1211,1585,9503,0.495,0.557,0.383,0.788,0.597,0.563
2016-17,HOU,82,55,27,0.671,19780,3305,7152,2124,3846,1181,3306,1667,2177,892,2746,3638,2070,670,352,1240,1634,9458,0.462,0.552,0.357,0.766,0.583,0.545
2016-17,IND,82,42,40,0.512,19855,3221,6931,2512,5046,709,1885,1467,1811,742,2702,3444,1844,669,409,1130,1597,8618,0.465,0.498,0.376,0.81,0.558,0.516
2016-17,LAC,82,51,31,0.622,19755,3242,6820,2401,4575,841,2245,1586,2128,738,2790,3528,1848,612,347,1062,1626,8911,0.475,0.525,0.375,0.745,0.574,0.537
2016-17,LAL,82,26,56,0.317,19705,3224,7164,2494,5054,730,2110,1397,1853,933,2636,3569,1716,674,320,1243,1698,8575,0.45,0.493,0.346,0.754,0.537,0.501
2016-17,MEM,82,43,39,0.524,19905,2984,6854,2217,4685,767,2169,1504,1918,886,2621,3507,1744,653,344,1059,1840,8239,0.435,0.473,0.354,0.784,0.535,0.491
2016-17,MIA,82,41,41,0.5,19780,3202,7037,2394,4824,808,2213,1248,1768,872,2705,3577,1742,588,469,1102,1680,8460,0.455,0.496,0.365,0.706,0.541,0.512
2016-17,MIL,82,42,40,0.512,19780,3182,6715,2462,4769,720,1946,1413,1839,723,2589,3312,1984,666,436,1145,1660,8497,0.474,0.516,0.37,0.768,0.565,0.527
2016-17,MIN,82,31,51,0.378,19805,3235,6922,2634,5199,601,1723,1586,1986,938,2540,3478,1940,654,370,1150,1646,8657,0.467,0.507,0.349,0.799,0.555,0.511
2016-17,BRK,82,20,62,0.244,19755,3102,6987,2225,4396,877,2591,1592,2020,721,2879,3600,1756,593,387,1356,1726,8673,0.444,0.506,0.338,0.788,0.551,0.507
2016-17,NOP,82,34,48,0.415,19905,3210,7130,2442,4934,768,2196,1368,1825,703,2879,3582,1869,638,453,1054,1490,8556,0.45,0.495,0.35,0.75,0.539,0.504
2016-17,NYK,82,31,51,0.378,19855,3244,7256,2540,5234,704,2022,1364,1731,983,2723,3706,1786,581,455,1139,1668,8556,0.447,0.485,0.348,0.788,0.534,0.496
2016-17,OKC,82,47,35,0.573,19805,3237,7169,2545,5053,692,2116,1575,2113,1002,2821,3823,1721,648,408,1230,1715,8741,0.452,0.504,0.327,0.745,0.54,0.5
2016-17,ORL,82,29,53,0.354,19805,3139,7133,2438,4994,701,2139,1309,1753,807,2734,3541,1820,580,396,1091,1584,8288,0.44,0.488,0.328,0.747,0.524,0.489
2016-17,PHI,82,28,54,0.341,19830,3088,6992,2257,4549,831,2443,1393,1806,807,2706,3513,1949,692,420,1366,1793,8400,0.442,0.496,0.34,0.771,0.539,0.501
2016-17,PHO,82,24,58,0.293,19830,3270,7260,2655,5406,615,1854,1676,2159,976,2712,3688,1604,673,399,1265,2030,8831,0.45,0.491,0.332,0.776,0.538,0.493
2016-17,POR,82,41,41,0.5,19930,3243,7059,2391,4787,852,2272,1513,1940,830,2750,3580,1733,574,408,1126,1736,8851,0.459,0.499,0.375,0.78,0.559,0.52
2016-17,SAC,82,32,50,0.39,19880,3105,6734,2368,4774,737,1960,1483,1913,715,2652,3367,1844,627,324,1201,1667,8430,0.461,0.496,0.376,0.775,0.556,0.516
2016-17,SAS,82,61,21,0.744,19805,3222,6864,2469,4937,753,1927,1440,1806,821,2777,3598,1954,655,484,1101,1498,8637,0.469,0.5,0.391,0.797,0.564,0.524
2016-17,TOR,82,51,31,0.622,19780,3211,6918,2486,4922,725,1996,1615,2028,871,2676,3547,1517,677,400,1041,1708,8762,0.464,0.505,0.363,0.796,0.561,0.517
2016-17,UTA,82,51,31,0.622,19755,3033,6515,2242,4387,791,2128,1401,1875,771,2774,3545,1651,550,410,1118,1545,8258,0.466,0.511,0.372,0.747,0.563,0.526
2016-17,WAS,82,49,33,0.598,19855,3388,7137,2632,5107,756,2030,1421,1812,843,2671,3514,1956,693,336,1162,1745,8953,0.475,0.515,0.372,0.784,0.564,0.528
2017-18,ATL,82,24,58,0.293,19705,3130,7015,2213,4471,917,2544,1298,1654,743,2693,3436,1946,638,348,1276,1606,8475,0.446,0.495,0.36,0.785,0.547,0.512
2017-18,BOS,82,55,27,0.671,19805,3141,6975,2202,4483,939,2492,1308,1697,767,2878,3645,1842,604,373,1149,1618,8529,0.45,0.491,0.377,0.771,0.552,0.518
2017-18,CHO,82,36,46,0.439,19780,3197,7106,2373,4873,824,2233,1656,2216,827,2901,3728,1770,559,373,1041,1409,8874,0.45,0.487,0.369,0.747,0.549,0.508
2017-18,CHI,82,27,55,0.329,19855,3170,7285,2264,4736,906,2549,1194,1574,790,2873,3663,1923,626,289,1147,1571,8440,0.435,0.478,0.355,0.759,0.529,0.497
2017-18,CLE,82,50,32,0.61,19730,3311,6950,2330,4314,981,2636,1488,1909,694,2761,3455,1916,582,312,1126,1524,9091,0.476,0.54,0.372,0.779,0.584,0.547
2017-18,DAL,82,24,58,0.293,19805,3128,7042,2161,4354,967,2688,1167,1530,666,2717,3383,1858,578,310,1008,1578,8390,0.444,0.496,0.36,0.763,0.544,0.513
2017-18,DEN,82,46,36,0.561,19880,3338,7102,2398,4566,940,2536,1404,1830,902,2748,3650,2059,627,404,1227,1533,9020,0.47,0.525,0.371,0.767,0.57,0.536
2017-18,DET,82,39,43,0.476,19805,3208,7129,2322,4756,886,2373,1207,1621,830,2756,3586,1868,628,317,1103,1508,8509,0.45,0.488,0.373,0.745,0.543,0.512
2017-18,GSW,82,58,24,0.707,19730,3509,6981,2583,4611,926,2370,1360,1668,691,2877,3568,2402,656,612,1267,1607,9304,0.503,0.56,0.391,0.815,0.603,0.569
2017-18,HOU,82,65,17,0.793,19755,3174,6906,1918,3436,1256,3470,1609,2061,739,2825,3564,1767,699,392,1135,1597,9213,0.46,0.558,0.362,0.781,0.59,0.551
2017-18,IND,82,48,34,0.585,19755,3345,7083,2604,5073,741,2010,1225,1573,788,2684,3472,1819,721,340,1089,1544,8656,0.472,0.513,0.369,0.779,0.557,0.525
2017-18,LAC,82,42,40,0.512,19705,3302,7004,2525,4808,777,2196,1556,2095,832,2766,3598,1832,628,373,1204,1638,8937,0.471,0.525,0.354,0.743,0.564,0.527
2017-18,LAL,82,35,47,0.427,19905,3338,7248,2516,4864,822,2384,1364,1910,876,2927,3803,1949,633,388,1295,1736,8862,0.461,0.517,0.345,0.714,0.548,0.517
2017-18,MEM,82,22,60,0.268,19705,3013,6788,2255,4636,758,2152,1361,1732,779,2544,3323,1767,613,396,1227,1900,8145,0.444,0.486,0.352,0.786,0.539,0.5
2017-18,MIA,82,44,38,0.537,19930,3184,6997,2281,4491,903,2506,1209,1601,763,2801,3564,1862,620,437,1179,1648,8480,0.455,0.508,0.36,0.755,0.551,0.52
2017-18,MIL,82,44,38,0.537,19830,3257,6807,2539,4783,718,2024,1499,1915,688,2579,3267,1905,722,443,1134,1752,8731,0.478,0.531,0.355,0.783,0.571,0.531
2017-18,MIN,82,47,35,0.573,19805,3365,7063,2707,5218,658,1845,1592,1980,848,2593,3441,1861,689,345,1021,1495,8980,0.476,0.519,0.357,0.804,0.566,0.523
2017-18,BRK,82,28,54,0.341,19855,3136,7114,2095,4190,1041,2924,1428,1850,792,2852,3644,1941,512,390,1245,1688,8741,0.441,0.5,0.356,0.772,0.551,0.514
2017-18,NOP,82,48,34,0.585,19955,3500,7241,2663,4929,837,2312,1324,1716,712,2924,3636,2195,657,485,1223,1570,9161,0.483,0.54,0.362,0.772,0.573,0.541
2017-18,NYK,82,29,53,0.354,19830,3334,7193,2661,5279,673,1914,1225,1557,859,2752,3611,1912,552,421,1207,1682,8566,0.464,0.504,0.352,0.787,0.544,0.51
2017-18,OKC,82,48,34,0.585,19830,3271,7221,2390,4730,881,2491,1421,1985,1024,2671,3695,1750,743,412,1147,1653,8844,0.453,0.505,0.354,0.716,0.546,0.514
2017-18,ORL,82,25,57,0.305,19730,3182,7042,2338,4637,844,2405,1271,1678,722,2692,3414,1921,622,400,1192,1579,8479,0.452,0.504,0.351,0.757,0.545,0.512
2017-18,PHI,82,52,30,0.634,19780,3349,7098,2448,4653,901,2445,1405,1868,893,2996,3889,2221,682,420,1353,1811,9004,0.472,0.526,0.369,0.752,0.568,0.535
2017-18,PHO,82,21,61,0.256,19705,3153,7141,2390,4855,763,2286,1453,1962,842,2776,3618,1743,569,370,1289,1807,8522,0.442,0.492,0.334,0.741,0.532,0.495
2017-18,POR,82,49,33,0.598,19755,3222,7132,2377,4824,845,2308,1372,1715,835,2893,3728,1599,573,423,1109,1599,8661,0.452,0.493,0.366,0.8,0.549,0.511
2017-18,SAC,82,27,55,0.329,19755,3179,7063,2441,5096,738,1967,1008,1371,777,2578,3355,1768,643,340,1125,1639,8104,0.45,0.479,0.375,0.735,0.529,0.502
2017-18,SAS,82,47,35,0.573,19730,3202,6999,2506,5022,696,1977,1324,1715,849,2777,3626,1868,628,460,1078,1408,8424,0.457,0.499,0.352,0.772,0.543,0.507
2017-18,TOR,82,59,23,0.72,19830,3383,7169,2415,4464,968,2705,1422,1790,800,2807,3607,1995,626,500,1095,1783,9156,0.472,0.541,0.358,0.794,0.575,0.539
2017-18,UTA,82,48,34,0.585,19755,3139,6797,2252,4372,887,2425,1375,1766,740,2807,3547,1839,708,420,1205,1608,8540,0.462,0.515,0.366,0.779,0.564,0.527
2017-18,WAS,82,43,39,0.524,19855,3275,7018,2461,4845,814,2173,1378,1786,823,2713,3536,2065,645,353,1196,1746,8742,0.467,0.508,0.375,0.772,0.56,0.525
2018-19,ATL,82,29,53,0.354,19855,3392,7524,2325,4490,1067,3034,1443,1918,955,2825,3780,2118,675,419,1397,1932,9294,0.451,0.518,0.352,0.752,0.555,0.522
2018-19,BOS,82,49,33,0.598,19780,3451,7423,2419,4594,1032,2829,1282,1598,804,2849,3653,2155,706,435,1052,1670,9216,0.465,0.527,0.365,0.802,0.567,0.534
2018-19,CHO,82,39,43,0.476,19830,3297,7362,2320,4579,977,2783,1510,1895,814,2778,3592,1905,591,405,1001,1550,9081,0.448,0.507,0.351,0.797,0.554,0.514
2018-19,CHI,82,22,60,0.268,19905,3266,7205,2521,5082,745,2123,1328,1695,718,2799,3517,1796,603,351,1159,1663,8605,0.453,0.496,0.351,0.783,0.541,0.505
2018-19,CLE,82,19,63,0.232,19755,3189,7184,2342,4796,847,2388,1342,1694,879,2619,3498,1698,534,195,1106,1642,8567,0.444,0.488,0.355,0.792,0.54,0.503
2018-19,DAL,82,33,49,0.402,19780,3182,7122,2160,4120,1022,3002,1541,2076,832,2884,3716,1918,533,351,1167,1650,8927,0.447,0.524,0.34,0.742,0.555,0.519
2018-19,DEN,82,54,28,0.659,19730,3439,7384,2536,4813,903,2571,1294,1714,972,2832,3804,2245,634,363,1102,1644,9075,0.466,0.527,0.351,0.755,0.558,0.527
2018-19,DET,82,41,41,0.5,19855,3185,7238,2192,4384,993,2854,1415,1893,936,2752,3688,1845,569,331,1135,1811,8778,0.44,0.5,0.348,0.747,0.544,0.509
2018-19,GSW,82,57,25,0.695,19805,3612,7361,2525,4537,1087,2824,1339,1672,797,2990,3787,2413,625,525,1169,1757,9650,0.491,0.557,0.385,0.801,0.596,0.565
2018-19,HOU,82,53,29,0.646,19830,3218,7163,1895,3442,1323,3721,1582,2001,836,2613,3449,1741,700,405,1094,1803,9341,0.449,0.551,0.356,0.791,0.581,0.542
2018-19,IND,82,48,34,0.585,19705,3390,7135,2611,5054,779,2081,1298,1727,762,2766,3528,2128,713,404,1122,1594,8857,0.475,0.517,0.374,0.752,0.561,0.53
2018-19,LAC,82,48,34,0.585,19830,3384,7178,2563,5060,821,2118,1853,2340,796,2936,3732,1970,561,385,1193,1913,9442,0.471,0.507,0.388,0.792,0.575,0.529
2018-19,LAL,82,37,45,0.451,19780,3491,7425,2644,4884,847,2541,1336,1910,835,2985,3820,2096,618,440,1284,1701,9165,0.47,0.541,0.333,0.699,0.554,0.527
2018-19,MEM,82,33,49,0.402,19880,3113,6924,2302,4556,811,2368,1453,1882,723,2703,3426,1963,684,448,1147,1801,8490,0.45,0.505,0.342,0.772,0.548,0.508
2018-19,MIA,82,39,43,0.476,19730,3251,7218,2323,4560,928,2658,1238,1782,921,2879,3800,1991,627,448,1208,1712,8668,0.45,0.509,0.349,0.695,0.542,0.515
2018-19,MIL,82,60,22,0.732,19780,3555,7471,2450,4337,1105,3134,1471,1904,762,3316,4078,2136,615,486,1137,1608,9686,0.476,0.565,0.353,0.773,0.583,0.55
2018-19,MIN,82,36,46,0.439,19830,3413,7483,2586,5126,827,2357,1570,1995,923,2750,3673,2018,683,411,1074,1664,9223,0.456,0.504,0.351,0.787,0.552,0.511
2018-19,BRK,82,42,40,0.512,19980,3301,7358,2254,4393,1047,2965,1555,2088,900,2919,3819,1954,539,339,1236,1763,9204,0.449,0.513,0.353,0.745,0.556,0.52
2018-19,NOP,82,33,49,0.402,19755,3581,7563,2739,5114,842,2449,1462,1921,909,2969,3878,2216,610,441,1215,1732,9466,0.473,0.536,0.344,0.761,0.563,0.529
2018-19,NYK,82,17,65,0.207,19780,3134,7241,2311,4820,823,2421,1484,1956,857,2811,3668,1646,557,422,1151,1713,8575,0.433,0.479,0.34,0.759,0.529,0.49
2018-19,OKC,82,49,33,0.598,19855,3497,7706,2565,5029,932,2677,1461,2049,1031,2911,3942,1917,766,425,1145,1839,9387,0.454,0.51,0.348,0.713,0.545,0.514
2018-19,ORL,82,42,40,0.512,19780,3316,7307,2379,4674,937,2633,1231,1575,822,2902,3724,2095,543,445,1082,1526,8800,0.454,0.509,0.356,0.782,0.55,0.518
2018-19,PHI,82,51,31,0.622,19805,3407,7233,2518,4759,889,2474,1742,2258,892,3025,3917,2207,606,432,1223,1745,9445,0.471,0.529,0.359,0.771,0.574,0.532
2018-19,PHO,82,19,63,0.232,19880,3289,7164,2499,4764,790,2400,1447,1858,748,2563,3311,1957,735,418,1279,1932,8815,0.459,0.525,0.329,0.779,0.552,0.514
2018-19,POR,82,53,29,0.646,19855,3470,7427,2566,4907,904,2520,1558,1914,967,2968,3935,1887,546,413,1135,1669,9402,0.467,0.523,0.359,0.814,0.568,0.528
2018-19,SAC,82,39,43,0.476,19730,3541,7637,2614,5182,927,2455,1354,1865,906,2819,3725,2083,679,363,1095,1751,9363,0.464,0.504,0.378,0.726,0.554,0.524
2018-19,SAS,82,48,34,0.585,19805,3468,7248,2656,5177,812,2071,1408,1720,757,2910,3667,2013,501,386,992,1487,9156,0.478,0.513,0.392,0.819,0.572,0.534
2018-19,TOR,82,58,24,0.707,19880,3460,7305,2445,4534,1015,2771,1449,1803,786,2920,3706,2085,680,437,1150,1724,9384,0.474,0.539,0.366,0.804,0.579,0.543
2018-19,UTA,82,50,32,0.61,19755,3314,7082,2321,4293,993,2789,1540,2092,820,2981,3801,2133,663,483,1240,1728,9161,0.468,0.541,0.356,0.736,0.572,0.538
2018-19,WAS,82,32,50,0.39,19930,3456,7387,2526,4656,930,2731,1508,1963,794,2679,3473,2154,683,379,1154,1701,9350,0.468,0.543,0.341,0.768,0.567,0.531
