,,,,,,,,,Goals,,,,,,,,,,,,,,,,,,
Season,Team,GP,W,L,T,OTL,PTS,G,PPG,SHG,SOG,PIM,GA,PPGA,SHGA,SA,OppPIM,PP%,PK%,PPO,PKO,GDiff,FOW,FOL,FO%,HIT,BL
2001-02,MDA,82,29,42,8,3,69,175,43,4,2142,1242,198,46,9,2253,1393,11.5,86.1,373,330,-23,,,,,
2001-02,BOS,82,43,24,6,9,101,236,39,14,2595,1444,201,45,5,2057,1243,13.8,87.1,283,349,35,,,,,
2001-02,BUF,82,35,35,11,1,82,213,50,7,2295,1201,200,41,6,2120,1311,13.3,86.5,375,304,13,,,,,
2001-02,CAR,82,35,26,16,5,91,217,63,4,2347,1010,217,54,11,2214,1304,16.1,83.7,391,332,0,,,,,
2001-02,CBJ,82,22,47,8,5,57,164,50,3,2046,1184,255,52,8,2469,1330,14,83,356,306,-91,,,,,
2001-02,CGY,82,32,35,12,3,79,201,55,10,2207,1574,220,66,5,2242,1564,15.1,81.5,364,356,-19,,,,,
2001-02,CHI,82,41,27,13,1,96,216,54,4,2271,1224,207,63,2,2077,1067,17.9,81.5,302,340,9,,,,,
2001-02,COL,82,45,28,8,1,99,212,62,7,2252,997,169,41,7,2177,1036,18,87,344,315,43,,,,,
2001-02,DAL,82,36,28,13,5,90,215,60,7,2335,947,213,59,8,2135,1078,17.1,81.5,350,319,2,,,,,
2001-02,DET,82,51,17,10,4,116,251,73,9,2538,1045,187,48,7,2159,1056,20.3,86,359,343,64,,,,,
2001-02,EDM,82,38,28,12,4,92,205,51,12,2256,1261,182,50,7,2120,1223,15.3,85.6,333,348,23,,,,,
2001-02,FLA,82,22,44,10,6,60,180,50,8,2205,1978,250,76,7,2666,1810,14.7,80.7,341,393,-70,,,,,
2001-02,LAK,82,40,27,11,4,95,214,73,5,2110,1332,190,49,6,2051,1283,20.7,86.6,353,366,24,,,,,
2001-02,MIN,82,26,35,12,9,73,195,55,11,1954,1195,238,62,9,2296,1144,14.7,82.9,373,362,-43,,,,,
2001-02,MTL,82,36,31,12,3,87,207,45,7,2092,952,209,38,4,2597,1028,15,86.3,301,277,-2,,,,,
2001-02,NJD,82,41,28,9,4,95,205,44,2,2445,992,187,43,8,1900,970,16.9,83.8,261,265,18,,,,,
2001-02,NSH,82,28,41,13,0,69,196,48,6,2019,1051,230,50,8,2313,1096,14.2,85.9,337,354,-34,,,,,
2001-02,NYI,82,42,28,8,4,96,239,59,17,2319,1245,220,52,10,2285,1316,16.3,85.8,363,366,19,,,,,
2001-02,NYR,82,36,38,4,4,80,227,48,8,2392,1745,258,80,5,2618,1378,14.7,79.9,326,398,-31,,,,,
2001-02,OTT,82,39,27,9,7,94,243,55,11,2469,1333,208,48,5,2125,1358,16.6,84.4,331,307,35,,,,,
2001-02,PHI,82,42,27,10,3,97,234,39,8,2442,1226,192,40,10,2139,1287,13,86.3,300,293,42,,,,,
2001-02,PHX,82,40,27,9,6,95,228,53,8,2179,1138,210,60,6,2349,1198,15.6,83.1,340,356,18,,,,,
2001-02,PIT,82,28,41,8,5,69,198,47,5,2215,1232,249,57,10,2394,1152,14,83.8,335,352,-51,,,,,
2001-02,SJS,82,44,27,8,3,99,248,59,15,2228,1241,199,54,6,2335,1242,16,85.8,369,381,49,,,,,
2001-02,STL,82,43,27,8,4,98,227,62,5,2378,1317,188,56,7,1847,1272,17.4,85.2,356,379,39,,,,,
2001-02,TBL,82,27,40,11,4,69,178,46,6,2179,1052,219,40,9,2523,1046,14.7,85.3,312,273,-41,,,,,
2001-02,TOR,82,43,25,10,4,100,249,54,9,2339,1204,207,51,6,2044,1269,15.5,84.5,349,328,42,,,,,
2001-02,VAN,82,42,30,7,3,94,254,69,3,2326,1314,211,57,9,2078,1290,18.5,85,372,379,43,,,,,
2001-02,ATL,82,19,47,11,5,54,187,37,3,1984,1272,288,65,12,2911,1163,12.1,81.8,306,358,-101,,,,,
2001-02,WSH,82,36,33,11,2,85,228,58,2,2293,1037,240,58,8,2357,1078,19.4,82.2,299,325,-12,,,,,
2002-03,MDA,82,40,27,9,6,95,203,56,8,2246,934,193,42,5,2377,972,16.1,87.4,348,333,10,,,,,
2002-03,BOS,82,36,31,11,4,87,245,59,10,2636,1346,237,65,11,2322,1234,18.2,82.7,325,375,8,,,,,
2002-03,BUF,82,27,37,10,8,72,190,51,8,2345,1248,219,53,11,2296,1205,14.4,85.4,354,363,-29,,,,,
2002-03,CAR,82,22,43,11,6,61,171,58,6,2414,1192,240,71,9,2332,1321,13.8,81.9,420,392,-69,,,,,
2002-03,CBJ,82,29,42,8,3,69,213,71,12,2143,1479,263,60,9,2641,1547,17.3,85.3,410,409,-50,,,,,
2002-03,CGY,82,29,36,13,4,75,186,47,5,2341,1369,228,65,10,2222,1352,12.1,83.3,389,389,-42,,,,,
2002-03,CHI,82,30,33,13,6,79,207,39,8,2279,1159,226,56,8,2345,1000,12.7,84.8,308,369,-19,,,,,
2002-03,COL,82,42,19,13,8,105,251,68,5,2386,1062,194,63,6,2322,1085,18.7,82.5,363,359,57,,,,,
2002-03,DAL,82,46,17,15,4,111,245,62,9,2466,1142,169,50,6,2073,1144,19,85.5,327,346,76,,,,,
2002-03,DET,82,48,20,10,4,110,269,76,11,2441,1190,203,55,4,2361,1116,23.8,85.4,319,377,66,,,,,
2002-03,EDM,82,36,26,11,9,92,231,56,13,2292,1187,230,61,8,2248,1233,14.5,82.6,386,351,1,,,,,
2002-03,FLA,82,24,36,13,9,70,176,49,7,2229,1117,237,66,9,2724,1178,14.1,81.5,347,356,-61,,,,,
2002-03,LAK,82,33,36,6,7,79,203,52,8,2272,1098,221,62,4,2141,1092,14.7,83.3,354,371,-18,,,,,
2002-03,MIN,82,42,29,10,1,95,198,52,9,2086,1035,178,43,5,2335,1142,14.2,86,366,308,20,,,,,
2002-03,MTL,82,30,35,8,9,77,206,44,2,2119,878,234,58,6,2678,906,14,81.7,315,317,-28,,,,,
2002-03,NJD,82,46,20,10,6,108,216,36,7,2601,926,166,32,4,1933,920,11.9,87.9,303,264,50,,,,,
2002-03,NSH,82,27,35,13,7,74,183,58,2,2316,957,206,61,8,2252,1088,13.9,82.7,418,353,-23,,,,,
2002-03,NYI,82,35,34,11,2,83,224,58,12,2427,1218,231,67,5,2318,1200,15.1,83.5,384,405,-7,,,,,
2002-03,NYR,82,32,36,10,4,78,210,55,8,2465,1294,231,73,8,2426,1166,16.2,81.2,339,388,-21,,,,,
2002-03,OTT,82,52,21,8,1,113,263,83,4,2441,1117,182,50,8,2033,1357,21.2,84.9,391,332,81,,,,,
2002-03,PHI,82,45,20,13,4,107,211,47,8,2537,973,166,50,8,2019,975,14.3,85.2,328,338,45,,,,,
2002-03,PHX,82,31,35,11,5,78,204,55,4,2297,1411,230,77,11,2458,1387,14.3,81.3,385,412,-26,,,,,
2002-03,PIT,82,27,44,6,5,65,189,66,3,2079,1093,255,58,10,2535,971,18.3,83.5,360,352,-66,,,,,
2002-03,SJS,82,28,37,9,8,73,214,68,5,2303,1086,239,68,10,2392,1170,18.1,81,375,358,-25,,,,,
2002-03,STL,82,41,24,11,6,99,253,80,11,2301,1604,222,71,7,2047,1464,20.5,81.7,391,389,31,,,,,
2002-03,TBL,82,36,25,16,5,93,219,70,6,2395,1053,210,55,5,2298,1174,17.9,82.6,391,316,9,,,,,
2002-03,TOR,82,44,28,7,3,98,236,63,11,2152,1368,208,56,7,2423,1122,17.5,86.9,359,426,28,,,,,
2002-03,VAN,82,45,23,13,1,104,264,87,12,2388,1144,208,62,10,2185,1233,20.8,84.1,419,389,56,,,,,
2002-03,ATL,82,31,39,7,5,74,226,64,8,2163,1231,284,65,14,2593,1294,17.3,81.7,371,355,-58,,,,,
2002-03,WSH,82,39,29,8,6,92,224,57,8,2223,1246,220,72,4,2454,1109,17.2,81.3,331,384,4,,,,,
2003-04,MDA,82,29,35,10,8,76,184,56,5,2438,1119,213,54,4,2443,1041,18.1,84.7,310,353,-29,,,,,
2003-04,BOS,82,41,19,15,7,104,209,48,7,2500,1186,188,55,13,2280,1053,16,83.6,300,335,21,,,,,
2003-04,BUF,82,37,34,7,4,85,220,58,7,2301,1265,221,53,9,2340,1414,15.8,84.8,367,348,-1,,,,,
2003-04,CAR,82,28,34,14,6,76,172,41,9,2394,1086,209,66,9,2150,1229,10.7,81.6,384,359,-37,,,,,
2003-04,CBJ,82,25,45,8,4,62,177,58,5,2280,1187,238,50,14,2623,1314,14.5,85.2,401,337,-61,,,,,
2003-04,CGY,82,42,30,7,3,94,200,54,11,2248,1390,176,53,2,2090,1400,15.1,84.7,357,346,24,,,,,
2003-04,CHI,82,20,43,11,8,59,188,55,5,2401,1300,259,63,14,2521,1286,15.8,83.6,349,383,-71,,,,,
2003-04,COL,82,40,22,13,7,100,236,74,7,2410,1265,198,58,14,2325,1259,20.4,83.8,363,357,38,,,,,
2003-04,DAL,82,41,26,13,2,97,194,52,5,2196,1123,175,44,11,1902,1096,15.9,85.9,328,311,19,,,,,
2003-04,DET,82,48,21,11,2,109,255,63,15,2484,944,189,42,5,2151,922,20.1,86.8,314,317,66,,,,,
2003-04,EDM,82,36,29,12,5,89,221,44,13,2332,1198,208,66,8,2175,1188,13,81.1,338,350,13,,,,,
2003-04,FLA,82,28,35,15,4,75,188,52,7,2273,1182,221,51,12,2828,1013,16.8,86.3,310,373,-33,,,,,
2003-04,LAK,82,28,29,16,9,81,205,50,9,2349,1157,217,65,4,2213,1151,14,80.7,356,336,-12,,,,,
2003-04,MIN,82,30,29,20,3,83,188,46,7,1982,995,183,44,7,2383,1171,13.6,84.6,339,285,5,,,,,
2003-04,MTL,82,41,30,7,4,93,208,55,5,2270,1023,192,55,6,2342,1067,17.2,82.5,319,314,16,,,,,
2003-04,NJD,82,43,25,12,2,100,213,51,8,2433,880,164,39,5,2001,916,16.3,85.3,312,266,49,,,,,
2003-04,NSH,82,38,29,11,4,91,216,72,14,2227,1334,217,64,8,2335,1591,16.8,81.8,428,351,-1,,,,,
2003-04,NYI,82,38,29,11,4,91,237,54,11,2341,1152,210,52,5,2244,1077,16.6,85.5,325,359,27,,,,,
2003-04,NYR,82,27,40,7,8,69,206,46,6,2416,1429,250,80,8,2396,1280,14.3,79.4,322,388,-44,,,,,
2003-04,OTT,82,43,23,10,6,102,262,80,6,2421,1252,189,57,8,2040,1346,21.6,83.6,370,347,73,,,,,
2003-04,PHI,82,40,21,15,6,101,229,65,7,2410,1335,186,58,3,2092,1286,20.7,83.3,314,348,43,,,,,
2003-04,PHX,82,22,36,18,6,68,188,51,9,2171,1276,245,71,8,2506,1192,14.2,82.2,358,398,-57,,,,,
2003-04,PIT,82,23,47,8,4,58,190,65,7,2029,1238,303,84,15,2720,1229,18.1,77.2,360,369,-113,,,,,
2003-04,SJS,82,43,21,12,6,104,219,56,9,2300,1073,183,47,9,2373,1116,16.6,85.3,337,319,36,,,,,
2003-04,STL,82,39,30,11,2,91,191,61,7,2223,1248,198,57,11,2103,1140,17.9,84.6,341,369,-7,,,,,
2003-04,TBL,82,46,22,8,6,106,245,55,15,2460,953,192,42,4,2085,1072,16.2,84.9,339,278,53,,,,,
2003-04,TOR,82,45,24,10,3,103,242,75,8,2253,1432,204,64,8,2166,1337,20.1,83.4,373,386,38,,,,,
2003-04,VAN,82,43,24,10,5,101,235,56,5,2379,1248,194,50,8,2183,1260,14.9,86.1,376,360,41,,,,,
2003-04,ATL,82,33,37,8,4,78,214,60,11,2141,1475,243,58,7,2411,1416,14.6,85.2,410,391,-29,,,,,
2003-04,WSH,82,23,46,10,3,59,186,64,4,1946,1272,253,75,5,2586,1155,19.2,81.3,334,401,-67,,,,,
2005-06,MDA,82,43,27,,12,98,254,87,9,2585,1421,229,84,13,2431,1386,18.1,83.5,480,510,25,,,,,
2005-06,BOS,82,29,37,,16,74,230,62,9,2511,1162,266,78,10,2633,1049,14.8,83.7,418,479,-36,,,,,
2005-06,BUF,82,52,24,,6,110,281,101,10,2510,1144,239,59,17,2502,1248,21.2,86.6,477,439,42,,,,,
2005-06,CAR,82,52,22,,8,112,294,95,17,2553,1103,260,81,13,2497,1327,17.9,81.8,531,445,34,,,,,
2005-06,CBJ,82,35,43,,4,74,223,64,10,2250,1396,279,95,8,2762,1266,14.2,81.8,451,523,-56,,,,,
2005-06,CGY,82,46,25,,11,103,218,87,8,2299,1464,200,80,7,2260,1355,18.2,84.3,478,508,18,,,,,
2005-06,CHI,82,26,43,,13,65,211,51,6,2480,1514,285,88,12,2417,1248,12.2,83.9,417,547,-74,,,,,
2005-06,COL,82,43,30,,9,95,283,89,11,2464,1150,257,69,12,2415,1260,18.8,84.6,473,448,26,,,,,
2005-06,DAL,82,53,23,,6,112,265,88,10,2333,1482,218,82,7,2099,1391,17.7,83.7,498,504,47,,,,,
2005-06,DET,82,58,16,,8,124,305,102,7,2796,1101,209,67,10,2180,1070,22.1,85.5,461,461,96,,,,,
2005-06,EDM,82,41,28,,13,95,256,88,15,2442,1182,251,76,5,2094,1254,18.1,84.1,485,478,5,,,,,
2005-06,FLA,82,37,34,,11,85,240,63,5,2724,1255,257,91,12,2853,1062,15.3,82.3,411,514,-17,,,,,
2005-06,LAK,82,42,35,,5,89,249,77,15,2394,1440,270,104,12,2459,1669,14.2,78.7,541,489,-21,,,,,
2005-06,MIN,82,38,36,,8,84,231,77,11,2194,1187,215,55,7,2460,1266,17,87.4,454,436,16,,,,,
2005-06,MTL,82,42,31,,9,93,243,89,10,2470,1314,247,91,6,2507,1234,19.2,81.1,463,481,-4,,,,,
2005-06,NJD,82,46,27,,9,101,242,78,3,2393,942,229,63,6,2403,1164,17.7,81.9,441,349,13,,,,,
2005-06,NSH,82,49,25,,8,106,259,94,12,2380,1515,227,82,13,2661,1472,18.4,84.6,512,533,32,,,,,
2005-06,NYI,82,36,40,,6,78,230,76,5,2481,1246,278,99,15,2549,1148,16.9,79.2,450,476,-48,,,,,
2005-06,NYR,82,44,26,,12,100,257,83,4,2448,1182,215,79,9,2358,1117,18.8,83.7,442,486,42,,,,,
2005-06,OTT,82,52,21,,9,113,314,102,25,2811,1442,211,73,11,2344,1448,20.8,84.7,490,476,103,,,,,
2005-06,PHI,82,45,26,,11,101,267,80,19,2552,1187,259,97,6,2370,1151,18,79.1,444,465,8,,,,,
2005-06,PHX,82,38,39,,5,81,246,96,9,2318,1489,271,98,11,2479,1478,17.7,80.9,541,513,-25,,,,,
2005-06,PIT,82,22,46,,14,58,244,94,13,2297,1539,316,113,16,2723,1367,19,78.8,495,533,-72,,,,,
2005-06,SJS,82,44,27,,11,99,266,91,10,2483,1040,242,77,11,2180,1218,18.2,80.7,500,399,24,,,,,
2005-06,STL,82,21,46,,15,57,197,75,6,2335,1355,292,82,8,2510,1432,14.6,82.2,512,461,-95,,,,,
2005-06,TBL,82,43,33,,6,92,252,81,11,2594,933,260,72,11,2260,1121,16.7,81.6,485,391,-8,,,,,
2005-06,TOR,82,41,33,,8,90,257,107,14,2323,1378,270,99,12,2509,1389,21.4,80,501,496,-13,,,,,
2005-06,VAN,82,42,32,,8,92,256,96,6,2358,1461,255,93,10,2466,1462,18.3,81.8,526,512,1,,,,,
2005-06,ATL,82,41,33,,8,90,281,100,13,2522,1318,275,102,10,2483,1430,19,79.3,527,492,6,,,,,
2005-06,WSH,82,29,41,,12,70,237,72,15,2445,1473,306,116,18,2880,1333,14.7,78.9,490,550,-69,,,,,
2006-07,ANA,82,48,20,,14,110,258,89,4,2582,1457,208,61,4,2248,1463,22.4,85.1,398,410,50,,,,,
2006-07,BOS,82,35,41,,6,76,219,71,8,2370,1256,289,81,18,2748,1193,17.2,81.7,412,442,-70,,,,,
2006-07,BUF,82,53,22,,7,113,308,71,8,2417,1200,242,72,13,2541,1246,17.4,81.3,407,386,66,,,,,
2006-07,CAR,82,40,34,,8,88,241,67,12,2559,1021,253,61,8,2336,1155,15,84.6,447,395,-12,,,,,
2006-07,CBJ,82,33,42,,7,73,201,65,6,2273,1357,249,85,10,2345,1314,14.8,81.2,438,453,-48,,,,,
2006-07,CGY,82,43,29,,10,96,258,73,15,2242,1204,226,81,5,2502,1175,18.2,80.4,401,414,32,,,,,
2006-07,CHI,82,31,42,,9,71,201,43,12,2201,1330,258,77,6,2408,1126,11.8,82.6,364,443,-57,,,,,
2006-07,COL,82,44,31,,7,95,272,79,7,2603,884,251,70,9,2378,955,21.1,80.2,374,353,21,,,,,
2006-07,DAL,82,50,25,,7,107,226,79,3,2295,1133,197,59,6,2114,1224,18.5,84.4,427,377,29,,,,,
2006-07,DET,82,50,19,,13,113,254,68,12,2771,982,199,63,11,2020,1014,17,84.6,401,408,55,,,,,
2006-07,EDM,82,32,43,,7,71,195,53,6,2193,1285,248,59,4,2439,1196,14.2,84.6,373,382,-53,,,,,
2006-07,FLA,82,35,31,,16,86,247,61,5,2730,1179,257,78,6,2402,933,18.1,82.4,337,443,-10,,,,,
2006-07,LAK,82,27,41,,14,68,227,81,6,2542,1239,283,91,6,2440,1332,18.3,77.9,442,411,-56,,,,,
2006-07,MIN,82,48,26,,8,104,235,72,9,2431,862,191,48,8,2361,952,18.9,86,380,342,44,,,,,
2006-07,MTL,82,42,34,,6,90,245,86,17,2426,1133,256,69,6,2685,1074,22.8,83.5,378,419,-11,,,,,
2006-07,NJD,82,49,24,,9,107,216,65,4,2354,830,201,40,11,2332,1012,17.7,85.2,367,271,15,,,,,
2006-07,NSH,82,51,23,,8,110,272,71,8,2261,1179,212,55,2,2561,1284,17.4,85.9,408,390,60,,,,,
2006-07,NYI,82,40,30,,12,92,248,63,7,2457,1060,240,79,9,2671,910,18.1,81.8,348,433,8,,,,,
2006-07,NYR,82,42,30,,10,94,242,75,11,2586,1109,216,65,6,2329,1170,18.5,83.8,406,400,26,,,,,
2006-07,OTT,82,48,25,,9,105,288,72,17,2651,1168,222,61,12,2479,1195,17.9,84.5,403,394,66,,,,,
2006-07,PHI,82,22,48,,12,56,214,53,15,2360,1301,303,65,14,2673,1112,14.1,84.5,376,420,-89,,,,,
2006-07,PHX,82,31,46,,5,67,216,66,5,2320,1445,284,92,13,2470,1251,16.5,78.4,400,425,-68,,,,,
2006-07,PIT,82,47,24,,11,105,277,94,14,2366,1249,246,75,13,2529,1386,20.3,82.1,463,419,31,,,,,
2006-07,SJS,82,51,26,,5,107,258,92,7,2346,955,199,55,4,2148,1161,22.4,83.3,410,330,59,,,,,
2006-07,STL,82,34,35,,13,81,214,46,7,2202,1223,254,83,10,2369,1102,12.1,80,381,414,-40,,,,,
2006-07,TBL,82,44,33,,5,93,253,69,14,2418,897,261,66,11,2234,1055,18.4,78.4,374,305,-8,,,,,
2006-07,TOR,82,40,31,,11,91,258,71,3,2681,1139,269,90,11,2330,1085,17.7,78.5,401,418,-11,,,,,
2006-07,VAN,82,49,26,,7,105,222,70,5,2405,1206,201,57,8,2398,1161,17.2,86.9,407,436,21,,,,,
2006-07,ATL,82,43,28,,11,97,246,67,9,2438,1097,245,79,10,2582,1148,16.5,79.8,407,391,1,,,,,
2006-07,WSH,82,28,40,,14,70,235,67,12,2295,1233,286,82,14,2734,1239,16.4,80.2,408,414,-51,,,,,
2007-08,ANA,82,47,27,,8,102,205,60,8,2241,1481,191,69,7,2299,1385,16.6,83.1,361,408,14,2320,2305,50.2,1619,720
2007-08,BOS,82,41,29,,12,94,212,56,9,2339,1069,222,71,6,2495,1057,17.6,78.6,319,332,-10,2287,2369,49.1,1575,871
2007-08,BUF,82,39,31,,12,90,255,66,9,2478,1002,242,56,8,2326,1110,18,83.2,366,333,13,2245,2376,48.6,1488,1025
2007-08,CAR,82,43,33,,6,92,252,79,4,2669,1183,249,75,13,2368,1363,18.8,78.9,420,355,3,2479,2539,49.4,1741,1056
2007-08,CBJ,82,34,36,,12,80,193,53,8,2381,1325,218,63,5,2249,1246,14.9,83.3,356,378,-25,2419,2209,52.3,1563,886
2007-08,CGY,82,42,30,,10,94,229,59,9,2316,1342,227,72,8,2335,1252,16.8,81.5,352,389,2,2344,2389,49.5,1633,764
2007-08,CHI,82,40,34,,8,88,239,58,17,2298,1381,235,69,6,2346,1322,15.9,82.1,365,385,4,2332,2124,52.3,1482,891
2007-08,COL,82,44,31,,7,95,231,49,2,2349,995,219,56,5,2237,1058,14.6,81.4,335,301,12,2148,2347,47.8,1168,1081
2007-08,DAL,82,45,30,,7,97,242,64,13,2187,1176,207,51,8,2137,1197,18.1,85.6,354,354,35,2177,2145,50.4,1619,793
2007-08,DET,82,54,21,,7,115,257,81,5,2820,937,184,57,7,1930,1041,20.7,84,391,357,73,2435,2136,53.3,1413,709
2007-08,EDM,82,41,35,,6,88,235,57,7,2156,1175,251,56,10,2573,1134,16.6,84.7,344,366,-16,2323,2278,50.5,1130,1143
2007-08,FLA,82,38,35,,9,85,216,60,4,2549,1026,226,66,3,2752,968,19.2,82.4,313,374,-10,2390,2507,48.8,1551,980
2007-08,LAK,82,32,43,,7,71,231,64,11,2349,954,266,68,4,2625,1045,17.4,78,367,309,-35,2196,2396,47.8,1652,1046
2007-08,MIN,82,44,28,,10,98,223,64,3,2218,1098,218,49,10,2469,1157,18.9,85.2,338,330,5,2180,2429,47.3,1238,916
2007-08,MTL,82,47,25,,10,104,262,90,8,2382,1090,222,60,3,2589,1158,24.1,82.5,374,342,40,2322,2417,49,2007,1343
2007-08,NJD,82,46,29,,7,99,206,50,6,2362,974,197,54,7,2257,982,15.6,82.8,320,314,9,2160,2126,50.4,1471,830
2007-08,NSH,82,41,32,,9,91,230,53,7,2425,1027,229,49,10,2440,1102,14.8,85.4,358,335,1,2406,2358,50.5,1454,873
2007-08,NYI,82,35,38,,9,79,194,48,10,2431,1041,243,68,15,2488,963,14.5,81.9,330,375,-49,2355,2256,51.1,1613,1134
2007-08,NYR,82,42,27,,13,97,213,61,4,2579,1154,199,53,6,2124,1172,16.5,84.5,370,343,14,2309,2107,52.3,2137,1013
2007-08,OTT,82,43,31,,8,94,261,60,18,2471,1175,247,72,6,2456,1094,18.3,81.1,328,380,14,2423,2265,51.7,1802,1011
2007-08,PHI,82,42,29,,11,95,248,84,13,2358,1471,233,65,6,2609,1417,21.8,83.2,385,388,15,2416,2483,49.3,1415,1173
2007-08,PHX,82,38,37,,7,83,214,63,11,2500,1193,231,64,12,2518,1116,18.6,80.7,339,332,-17,2301,2431,48.6,1572,1018
2007-08,PIT,82,47,27,,8,102,247,77,6,2268,1179,216,68,10,2523,1241,20.4,81,378,357,31,2161,2526,46.1,1557,1129
2007-08,SJS,82,49,23,,10,108,222,70,7,2428,1075,193,44,9,1981,1287,18.7,85.8,374,310,29,2179,2076,51.2,1789,992
2007-08,STL,82,33,36,,13,79,205,47,3,2141,1153,237,56,13,2249,1113,14.1,84.4,334,359,-32,2390,2220,51.8,1705,1040
2007-08,TBL,82,31,42,,9,71,223,57,7,2354,1038,267,56,7,2311,900,19.3,82.1,296,312,-44,2246,2284,49.6,1593,1061
2007-08,TOR,82,36,35,,11,83,231,61,4,2542,1087,260,77,10,2402,1017,17.8,78.1,343,352,-29,2317,2336,49.8,1547,1065
2007-08,VAN,82,39,33,,10,88,213,63,8,2252,1474,215,64,7,2367,1524,17.1,82.6,369,368,-2,2219,2337,48.7,1232,988
2007-08,ATL,82,34,40,,8,76,216,52,13,2115,1077,272,75,10,2782,931,16.5,78.8,316,354,-56,2444,2262,51.9,1319,1066
2007-08,WSH,82,43,31,,8,94,242,65,5,2538,975,231,68,8,2259,975,18.8,80.5,346,349,11,2422,2312,51.2,1599,1005
2008-09,WSH,82,50,24,,8,108,272,85,7,2747,1041,245,75,11,2418,937,25.2,80.6,337,387,27,2467,2308,51.7,1662,1111
2008-09,ATL,82,35,41,,6,76,257,69,13,2306,1256,280,88,10,2683,1199,19.3,76,357,366,-23,2487,2375,51.2,1380,1122
2008-09,VAN,82,45,27,,10,100,246,67,7,2335,1351,220,69,5,2392,1339,18.8,81.4,357,371,26,2410,2252,51.7,1292,986
2008-09,TOR,82,34,35,,13,81,250,62,6,2603,1125,293,78,7,2480,1182,18.8,74.7,330,308,-43,2358,2346,50.1,1736,1239
2008-09,TBL,82,24,40,,18,66,210,61,4,2337,1306,279,89,9,2701,1099,17.8,78,343,405,-69,2333,2318,50.2,1854,1104
2008-09,STL,82,41,31,,10,92,233,72,10,2271,1248,233,58,8,2341,1264,20.5,83.8,351,357,0,2291,2378,49.1,1611,1128
2008-09,SJS,82,53,18,,11,117,257,87,12,2720,1053,204,51,11,2228,1160,24.2,83.2,360,304,53,2473,2123,53.8,2042,968
2008-09,PIT,82,45,28,,9,99,264,62,7,2381,1114,239,60,13,2484,1164,17.2,82.7,360,347,25,2310,2395,49.1,1939,1280
2008-09,PHX,82,36,39,,7,79,208,50,5,2302,1092,252,68,4,2591,1226,14.7,76.8,341,293,-44,2066,2531,44.9,1793,1187
2008-09,PHI,82,44,27,,11,99,264,71,16,2441,1434,238,67,1,2668,1217,22.5,83,316,393,26,2379,2543,48.3,1712,1243
2008-09,OTT,82,36,35,,11,83,217,66,8,2405,1098,237,64,5,2336,1074,19.5,81.5,339,346,-20,2357,2191,51.8,1923,1147
2008-09,NYR,82,43,30,,9,95,210,48,9,2658,1199,218,40,14,2433,1219,13.9,87.8,346,329,-8,2312,2235,50.8,2312,957
2008-09,NYI,82,26,47,,9,61,201,54,12,2372,1216,279,73,5,2751,1078,16.9,79.8,320,361,-78,2180,2594,45.7,1828,1391
2008-09,NSH,82,40,34,,8,88,213,50,9,2375,994,233,59,8,2411,971,15.7,82.5,318,338,-20,2556,2340,52.2,1671,1035
2008-09,NJD,82,51,27,,4,106,244,58,12,2698,1058,209,65,4,2415,1075,18.9,79.9,307,324,35,2359,2242,51.3,1448,970
2008-09,MTL,82,41,30,,11,93,249,72,10,2461,1229,247,65,11,2600,1299,19.3,82.4,374,370,2,2467,2382,50.9,1974,1316
2008-09,MIN,82,40,33,,9,89,219,66,9,2257,889,200,36,6,2518,963,20.1,87.6,328,291,19,2223,2360,48.5,1468,1033
2008-09,LAK,82,34,37,,11,79,207,69,4,2383,1207,234,62,8,2301,1126,19.2,82.8,360,361,-27,2370,2189,52,2128,1040
2008-09,FLA,82,41,30,,11,93,234,51,7,2411,900,231,54,9,2843,924,16.6,82.6,308,311,3,2291,2492,47.9,1562,1105
2008-09,EDM,82,38,35,,9,85,234,60,3,2303,1245,248,76,8,2668,1265,16.9,77.5,354,338,-14,2281,2481,47.9,1393,1074
2008-09,DET,82,51,21,,10,112,295,90,6,2965,824,244,71,4,2274,892,25.5,78.3,353,327,51,2593,2120,55,1457,729
2008-09,DAL,82,36,35,,11,83,230,54,2,2369,1144,257,70,4,2303,1229,15.4,78.6,351,327,-27,2119,2314,47.8,2076,982
2008-09,COL,82,32,45,,5,69,199,50,4,2359,1062,257,64,8,2376,1030,15.7,79.9,318,318,-58,2199,2401,47.8,1462,1317
2008-09,CHI,82,46,24,,12,104,264,70,10,2683,1157,216,64,6,2344,1246,19.3,80.6,363,330,48,2193,2367,48.1,1518,844
2008-09,CGY,82,46,30,,6,98,254,61,6,2643,1299,248,58,15,2441,1280,17,83.4,358,349,6,2424,2291,51.4,1531,778
2008-09,CBJ,82,41,31,,10,92,226,41,8,2370,1227,230,62,12,2281,1155,12.7,82.1,322,346,-4,2397,2283,51.2,1919,1022
2008-09,CAR,82,45,30,,7,97,239,70,8,2675,802,226,59,9,2419,1021,18.7,80.4,374,301,13,2433,2309,51.3,1716,1194
2008-09,BUF,82,41,32,,9,91,250,75,7,2505,1121,234,61,5,2575,1194,20.9,81.8,358,336,16,2239,2484,47.4,1458,1083
2008-09,BOS,82,53,19,,10,116,274,74,8,2482,1028,196,54,7,2524,1052,23.6,82.4,313,306,78,2360,2266,51,1792,1050
2008-09,ANA,82,42,33,,7,91,245,73,6,2481,1426,238,78,8,2499,1265,23.6,79.7,309,385,7,2299,2316,49.8,1758,801
2009-10,WSH,82,54,15,,13,121,318,79,4,2693,950,233,67,8,2535,916,25.2,78.8,313,316,85,2504,2351,51.6,1712,1141
2009-10,ATL,82,35,34,,13,83,234,51,9,2409,1053,256,57,4,2716,1064,16.1,82.2,316,320,-22,2449,2367,50.9,1469,1069
2009-10,VAN,82,49,28,,5,103,272,68,8,2534,1269,222,59,6,2419,1241,21.1,81.6,323,320,50,2433,2304,51.4,1499,991
2009-10,TOR,82,30,38,,14,74,214,44,4,2671,1091,267,73,6,2440,1103,14,74.7,315,288,-53,2381,2303,50.8,1777,1218
2009-10,TBL,82,34,36,,12,80,217,63,2,2367,1375,260,67,6,2575,1314,19.3,80.1,326,336,-43,2416,2274,51.5,1620,1092
2009-10,STL,82,40,32,,10,90,225,53,6,2445,1318,223,45,6,2473,1296,17.2,86.8,308,342,2,2352,2464,48.8,1760,1055
2009-10,SJS,82,51,20,,11,113,264,65,8,2602,1155,215,49,9,2571,1076,21,84.9,309,324,49,2637,2103,55.6,1934,1062
2009-10,PIT,82,47,28,,7,101,257,56,7,2688,1195,237,52,8,2350,1202,17.2,84.1,326,327,20,2323,2387,49.3,2122,1168
2009-10,PHX,82,50,25,,7,107,225,46,3,2502,925,202,49,6,2427,889,14.6,84.5,314,317,23,2248,2249,50,1784,959
2009-10,PHI,82,41,35,,6,88,236,68,5,2589,1362,225,57,7,2346,1253,21.4,82.9,318,334,11,2415,2407,50.1,1806,1254
2009-10,OTT,82,44,32,,6,94,225,49,5,2436,1141,238,50,4,2340,1079,16.9,84.3,290,318,-13,2266,2318,49.4,1922,1186
2009-10,NYR,82,38,33,,11,87,222,55,5,2425,1159,218,50,6,2450,1085,18.3,84.3,301,318,4,2235,2310,49.2,2330,1176
2009-10,NYI,82,34,37,,11,79,222,49,7,2493,950,264,71,3,2619,999,16,76.3,306,300,-42,2261,2426,48.2,1829,1379
2009-10,NSH,82,47,29,,6,100,225,47,5,2508,710,225,59,5,2396,811,16.4,77.1,286,258,0,2306,2382,49.2,1419,1006
2009-10,NJD,82,48,27,,7,103,222,51,7,2459,859,191,41,5,2213,934,18.8,82.9,272,240,31,2098,2146,49.4,1600,963
2009-10,MTL,82,39,33,,10,88,217,57,3,2345,936,223,53,8,2634,924,21.8,83,261,311,-6,2285,2312,49.7,1542,1344
2009-10,MIN,82,38,36,,8,84,219,59,3,2266,924,246,53,13,2415,917,19.1,82.7,309,306,-27,2455,2247,52.2,1746,1096
2009-10,LAK,82,46,27,,9,101,241,64,4,2389,979,219,60,6,2260,1028,20.8,80.3,307,304,22,2255,2200,50.6,2092,980
2009-10,FLA,82,32,37,,13,77,208,44,7,2331,977,244,59,8,2800,1052,14.2,79.4,309,286,-36,2323,2335,49.9,1810,1403
2009-10,EDM,82,27,47,,8,62,214,52,6,2321,1131,284,67,5,2716,1106,17.3,78,301,305,-70,2136,2477,46.3,1533,1296
2009-10,DET,82,44,24,,14,102,229,59,8,2737,723,216,43,1,2413,811,19.2,83.9,307,267,13,2316,2216,51.1,1957,905
2009-10,DAL,82,37,31,,14,88,237,61,8,2523,963,254,65,8,2559,1040,18.6,77.4,328,288,-17,2209,2383,48.1,2338,1150
2009-10,COL,82,43,30,,9,95,244,56,8,2287,1027,233,60,9,2629,1105,18.1,80.2,310,303,11,2165,2370,47.7,1568,1226
2009-10,CHI,82,52,22,,8,112,271,52,13,2798,924,209,40,4,2058,956,17.7,85,294,266,62,2340,2126,52.4,1555,1067
2009-10,CGY,82,40,32,,10,90,204,43,7,2350,1143,210,54,1,2372,1083,16,82.3,268,305,-6,2215,2398,48,1692,1052
2009-10,CBJ,82,32,35,,15,79,216,56,6,2338,1086,259,61,8,2514,1032,18.2,81.7,308,334,-43,2324,2234,51,2075,1029
2009-10,CAR,82,35,37,,10,80,230,56,7,2402,966,256,62,8,2574,965,17,80.6,329,320,-26,2294,2478,48.1,2091,1161
2009-10,BUF,82,45,27,,10,100,235,55,4,2588,918,207,38,3,2573,958,17.6,86.6,313,284,28,2232,2369,48.5,1361,987
2009-10,BOS,82,39,30,,13,91,206,44,6,2599,951,200,37,3,2444,949,16.6,86.4,265,272,6,2403,2165,52.6,1912,961
2009-10,ANA,82,39,32,,11,89,238,63,8,2472,1321,251,67,9,2736,1293,21,79.3,300,323,-13,2187,2362,48.1,2050,943
2010-11,WSH,82,48,23,,11,107,224,46,7,2566,924,197,43,5,2375,872,17.5,85.6,263,299,27,2493,2343,51.6,1865,1241
2010-11,ATL,82,34,36,,12,80,223,53,6,2581,928,269,64,10,2638,874,18.3,77.5,289,285,-46,2279,2400,48.7,1497,1267
2010-11,VAN,82,54,19,,9,117,262,72,6,2624,941,185,45,2,2470,917,24.3,85.6,296,312,77,2653,2183,54.9,1791,1071
2010-11,TOR,82,37,34,,11,85,218,52,5,2360,985,251,62,8,2540,1126,16,77.5,326,275,-33,2371,2328,50.5,2049,1323
2010-11,TBL,82,46,25,,11,103,247,69,1,2605,899,240,49,16,2354,955,20.5,83.8,336,302,7,2486,2448,50.4,1647,1249
2010-11,STL,82,38,33,,11,87,240,52,7,2475,1223,234,51,1,2274,1269,18.6,81.7,279,279,6,2180,2428,47.3,1958,1099
2010-11,SJS,82,48,25,,9,105,248,68,6,2832,929,213,56,7,2368,980,23.4,79.5,290,273,35,2581,2224,53.7,1801,1141
2010-11,PIT,82,49,25,,8,106,238,49,13,2581,1388,199,45,6,2352,1357,15.8,86.1,311,324,39,2329,2403,49.2,2280,1082
2010-11,PHX,82,43,26,,13,99,231,46,5,2486,863,226,64,6,2673,832,15.9,78.4,289,296,5,2551,2406,51.5,1881,1056
2010-11,PHI,82,47,23,,12,106,259,49,13,2605,1119,223,54,5,2471,1093,16.6,82.7,295,313,36,2484,2454,50.3,1905,1317
2010-11,OTT,82,32,40,,10,74,192,45,6,2381,1149,250,48,4,2559,966,17.5,83.7,257,295,-58,2293,2217,50.8,1658,1115
2010-11,NYR,82,44,33,,5,93,233,49,11,2453,1072,198,42,5,2410,1194,16.9,83.7,290,257,35,2195,2404,47.7,2333,1301
2010-11,NYI,82,30,39,,13,73,229,52,15,2408,1515,264,52,7,2620,1332,17.2,83.2,302,310,-35,2407,2392,50.2,1786,1362
2010-11,NSH,82,44,27,,11,99,219,41,5,2361,720,194,41,2,2510,696,15.2,84.9,269,272,25,2352,2333,50.2,1684,1007
2010-11,NJD,82,38,39,,5,81,174,34,3,2344,763,209,40,8,2152,787,14.3,83.4,237,241,-35,2186,2085,51.2,1539,875
2010-11,MTL,82,44,30,,8,96,216,57,5,2602,1089,209,51,6,2537,1056,19.7,84.4,290,327,7,2309,2403,49,1658,1272
2010-11,MIN,82,39,35,,8,86,206,53,7,2148,981,233,53,7,2625,996,18.2,82.8,292,309,-27,2408,2336,50.8,1865,1129
2010-11,LAK,82,46,30,,6,98,219,47,4,2363,962,198,40,6,2288,968,16.2,85.5,291,276,21,2407,2301,51.1,2127,1032
2010-11,FLA,82,30,40,,12,72,195,35,4,2493,716,229,41,5,2609,744,13.1,84.6,267,267,-34,2409,2230,51.9,1895,1125
2010-11,EDM,82,25,45,,12,62,193,44,8,2188,1270,269,74,2,2597,1191,14.5,76.9,304,321,-76,2036,2575,44.2,1794,1219
2010-11,DET,82,47,25,,10,104,261,67,5,2757,750,241,53,7,2514,775,22.3,82.3,301,300,20,2540,2350,51.9,1794,917
2010-11,DAL,82,42,29,,11,95,227,55,10,2269,1064,233,55,15,2504,1128,18,80.1,306,277,-6,2386,2390,50,2212,1204
2010-11,COL,82,30,44,,8,68,227,49,8,2394,1077,288,75,11,2609,953,18.5,76.1,265,314,-61,2436,2375,50.6,1726,1176
2010-11,CHI,82,44,29,,9,97,258,64,6,2637,742,225,53,4,2354,779,23.1,79.2,277,255,33,2414,2337,50.8,1824,1144
2010-11,CGY,82,41,29,,12,94,250,62,7,2501,834,237,53,9,2338,920,19.5,81.2,318,282,13,2350,2531,48.1,1664,1209
2010-11,CBJ,82,34,35,,13,81,215,42,6,2506,1113,258,62,11,2447,1128,14,80.3,301,314,-43,2459,2345,51.2,2316,1114
2010-11,CAR,82,40,31,,11,91,236,55,7,2517,835,239,51,6,2725,1050,15.9,81.3,346,272,-3,2163,2680,44.7,2105,1183
2010-11,BUF,82,43,29,,10,96,245,54,2,2690,958,229,51,13,2514,933,19.4,83,279,300,16,2252,2472,47.7,1505,1168
2010-11,BOS,82,46,25,,11,103,246,43,11,2696,1115,195,46,5,2682,1133,16.2,82.6,266,265,51,2485,2306,51.9,1736,1172
2010-11,ANA,82,47,30,,5,99,239,67,7,2334,1178,235,57,7,2648,1098,23.5,81.3,285,305,4,2206,2421,47.7,1936,1248
2011-12,WSH,82,42,32,,8,92,222,41,3,2295,767,230,49,10,2475,683,16.7,81.6,245,266,-8,2380,2384,50,1972,1302
2011-12,WPG,82,37,35,,10,84,225,45,3,2471,905,246,58,8,2470,799,17.9,80.1,251,292,-21,2335,2427,49,1966,1197
2011-12,VAN,82,51,22,,9,111,249,57,7,2583,1049,198,40,4,2526,1015,19.8,86,288,286,51,2529,2320,52.2,1826,1019
2011-12,TOR,82,35,37,,10,80,231,49,5,2322,824,264,55,6,2528,855,18.4,77.3,267,242,-33,2422,2267,51.7,2218,1223
2011-12,TBL,82,38,36,,8,84,235,41,2,2227,865,281,59,12,2501,834,15.2,79.2,269,284,-46,2354,2491,48.6,1788,1278
2011-12,STL,82,49,22,,11,109,210,45,7,2511,1062,165,40,3,2190,991,16.7,85.8,269,282,45,2336,2297,50.4,1949,1120
2011-12,SJS,82,43,29,,10,96,228,57,3,2773,785,210,52,4,2342,918,21.1,76.9,270,225,18,2590,2267,53.3,1565,1327
2011-12,PIT,82,51,25,,6,108,282,57,11,2779,880,221,33,10,2247,1008,19.7,87.8,289,270,61,2500,2457,50.4,2058,1065
2011-12,PHX,82,42,27,,13,97,216,34,6,2428,757,204,36,6,2592,791,13.5,85.5,251,249,12,2321,2307,50.2,2084,1071
2011-12,PHI,82,47,26,,9,103,264,66,6,2641,1318,232,58,9,2329,1348,19.7,81.8,335,319,32,2331,2494,48.3,2058,1208
2011-12,OTT,82,41,31,,10,92,249,49,9,2574,1145,240,57,7,2627,998,18.1,81.6,270,310,9,2453,2440,50.1,1975,1078
2011-12,NYR,82,51,24,,7,109,226,44,8,2338,1057,187,36,4,2281,1191,15.7,86.2,280,260,39,2286,2291,49.9,2419,1338
2011-12,NYI,82,34,37,,11,79,203,45,4,2410,763,255,46,5,2469,735,18.5,80.5,243,236,-52,2188,2371,48,1840,1364
2011-12,NSH,82,48,26,,8,104,237,54,5,2261,689,210,40,4,2522,683,21.6,83.6,250,244,27,2394,2492,49,1514,1213
2011-12,NJD,82,48,28,,6,102,228,46,15,2253,944,209,27,13,2199,875,17.2,89.6,267,259,19,2095,2356,47.1,1677,928
2011-12,MTL,82,31,35,,16,78,212,43,10,2340,954,226,36,8,2432,978,14.3,88.6,301,315,-14,2287,2452,48.3,1840,1341
2011-12,MIN,82,35,36,,11,81,177,39,5,2174,994,226,51,4,2570,1007,15.1,82.1,258,285,-49,2461,2343,51.2,1771,1347
2011-12,LAK,82,40,27,,15,95,194,49,9,2509,923,179,38,2,2248,909,17,87,289,293,15,2366,2225,51.5,2246,964
2011-12,FLA,82,38,26,,18,94,203,53,4,2433,792,227,49,6,2505,897,18.5,79.5,286,239,-24,2318,2265,50.6,1858,1042
2011-12,EDM,82,32,40,,10,74,212,54,5,2186,942,239,52,8,2518,824,20.6,82.4,262,296,-27,2182,2391,47.7,1632,1239
2011-12,DET,82,48,28,,6,102,248,48,2,2638,699,203,50,11,2212,849,16.1,81.8,298,274,45,2357,2212,51.6,1612,972
2011-12,DAL,82,42,35,,5,89,211,33,5,2314,1032,222,52,3,2527,892,13.5,82.8,244,303,-11,2329,2413,49.1,2235,1262
2011-12,COL,82,41,35,,6,88,208,41,5,2583,902,220,47,4,2426,776,18.4,83,223,277,-12,2409,2257,51.6,1889,1111
2011-12,CHI,82,45,26,,11,101,248,42,7,2583,848,238,51,3,2343,927,15.2,78.1,277,233,10,2390,2338,50.5,1500,1029
2011-12,CGY,82,37,29,,16,90,202,46,3,2258,885,226,42,6,2528,860,17.7,84.3,260,268,-24,2218,2586,46.2,1603,1158
2011-12,CBJ,82,29,46,,7,65,202,49,7,2454,1037,262,64,8,2537,1156,15.5,76.6,317,274,-60,2439,2354,50.9,2018,1054
2011-12,CAR,82,33,33,,16,82,213,49,12,2498,761,243,49,4,2653,891,16.7,80.6,294,252,-30,2464,2393,50.7,1699,1239
2011-12,BUF,82,39,32,,11,89,218,44,5,2397,904,230,47,7,2571,987,17.1,81.7,258,257,-12,2345,2390,49.5,1512,1075
2011-12,BOS,82,49,29,,4,102,269,43,8,2653,1111,202,43,1,2441,978,17.2,83.5,250,260,67,2633,2196,54.5,1778,1054
2011-12,ANA,82,34,36,,12,80,204,45,4,2291,980,231,51,5,2367,919,16.6,82,271,283,-27,2124,2360,47.4,1827,1160
2012-13,WSH,48,27,18,,3,57,149,44,3,1350,516,130,36,4,1551,553,26.8,77.9,164,163,19,1484,1439,50.8,1091,765
2012-13,WPG,48,24,21,,3,51,128,20,1,1389,535,144,28,3,1424,504,13.8,79.7,145,138,-16,1344,1401,49,1411,713
2012-13,VAN,48,26,15,,7,59,127,26,2,1350,609,121,27,3,1389,631,15.8,84,165,169,6,1365,1503,47.6,1020,566
2012-13,TOR,48,26,17,,5,57,145,31,1,1264,774,133,19,4,1549,730,18.7,87.9,166,157,12,1477,1474,50.1,1626,826
2012-13,TBL,48,18,26,,4,40,148,31,0,1323,577,150,30,4,1451,624,19,80.6,163,155,-2,1500,1432,51.2,1105,680
2012-13,STL,48,29,17,,2,60,129,29,3,1336,531,115,23,5,1161,540,19.5,84.7,149,150,14,1438,1397,50.7,1120,677
2012-13,SJS,48,25,16,,7,57,124,34,3,1526,521,116,22,4,1390,538,20.1,85,169,147,8,1607,1403,53.4,1031,800
2012-13,PIT,48,36,12,,0,72,165,42,2,1438,561,119,34,3,1403,581,24.7,79.6,170,167,46,1489,1404,51.5,1229,735
2012-13,PHX,48,21,18,,9,51,125,25,2,1482,504,131,34,2,1467,483,14.8,79.9,169,169,-6,1482,1367,52,1260,689
2012-13,PHI,48,23,22,,3,49,133,37,2,1394,755,141,26,3,1371,751,21.6,85.9,171,184,-8,1408,1493,48.5,1316,784
2012-13,OTT,48,25,17,,6,56,116,25,2,1591,655,104,20,1,1502,661,15.9,88,157,167,12,1420,1469,49.2,1307,616
2012-13,NYR,48,26,18,,4,56,130,24,5,1483,444,112,28,4,1353,485,15.7,81.1,153,148,18,1410,1410,50,1413,773
2012-13,NYI,48,24,17,,7,55,139,31,2,1485,461,139,28,0,1352,493,19.9,80.3,156,142,0,1369,1385,49.7,1018,766
2012-13,NSH,48,16,23,,9,41,111,24,1,1244,471,139,34,4,1335,485,17.1,75.5,140,139,-28,1381,1396,49.7,995,703
2012-13,NJD,48,19,19,,10,48,112,28,11,1363,509,129,32,6,1110,551,15.9,81.1,176,169,-17,1339,1440,48.2,892,515
2012-13,MTL,48,29,14,,5,63,149,42,0,1468,636,126,35,2,1293,717,20.7,79.8,203,173,23,1498,1514,49.7,1065,702
2012-13,MIN,48,26,19,,3,55,122,27,1,1382,545,127,26,0,1299,567,17.9,80.7,151,135,-5,1487,1348,52.5,956,614
2012-13,LAK,48,27,16,,5,59,133,33,2,1431,481,118,27,1,1198,508,19.9,83.2,166,161,15,1470,1356,52,1446,511
2012-13,FLA,48,15,27,,6,36,112,29,4,1400,541,171,39,1,1504,491,20.4,74.2,142,151,-59,1342,1377,49.4,1110,605
2012-13,EDM,48,19,22,,7,45,125,34,4,1285,520,134,29,1,1572,548,20.1,83.4,169,175,-9,1267,1480,46.1,1060,754
2012-13,DET,48,24,16,,8,56,124,34,3,1447,469,115,30,5,1322,550,18.4,81.7,185,164,9,1387,1343,50.8,865,560
2012-13,DAL,48,22,22,,4,48,130,29,2,1261,623,142,34,3,1489,626,17,81,171,179,-12,1356,1519,47.2,1199,671
2012-13,COL,48,16,25,,7,39,116,21,3,1415,598,152,36,3,1508,468,15,80.3,140,183,-36,1449,1388,51.1,1241,783
2012-13,CHI,48,36,7,,5,77,155,25,5,1494,442,102,18,5,1258,480,16.7,87.2,150,141,53,1436,1392,50.8,840,652
2012-13,CGY,48,19,25,,4,42,128,31,6,1293,518,160,28,2,1412,477,20,81.5,155,151,-32,1403,1605,46.6,935,699
2012-13,CBJ,48,24,17,,7,55,120,22,3,1283,605,119,25,2,1436,615,14.2,82.6,155,144,1,1457,1345,52,1188,627
2012-13,CAR,48,19,25,,4,42,128,24,3,1545,538,160,36,4,1546,511,14.5,77.6,165,161,-32,1503,1491,50.2,1100,667
2012-13,BUF,48,21,21,,6,48,125,23,7,1339,630,143,37,7,1606,593,14.1,79.2,163,178,-18,1340,1558,46.2,1079,718
2012-13,BOS,48,28,14,,6,62,131,18,5,1557,584,109,21,2,1373,471,14.8,87.1,122,163,22,1605,1241,56.4,1200,650
2012-13,ANA,48,30,12,,6,66,140,29,5,1347,535,118,30,5,1340,456,21.5,81.5,135,162,22,1382,1525,47.5,1149,776
2013-14,WSH,82,38,30,,14,90,235,68,5,2412,955,240,51,10,2750,998,23.4,82,291,284,-5,2436,2596,48.4,1904,1211
2013-14,WPG,82,37,35,,10,84,227,40,5,2516,973,237,49,6,2472,871,15.4,83.2,259,291,-10,2289,2593,46.9,2313,1256
2013-14,VAN,82,36,35,,11,83,196,39,6,2527,1115,223,46,4,2327,990,15.2,83.2,257,274,-27,2534,2399,51.4,1710,1217
2013-14,TOR,82,38,36,,8,84,231,50,7,2290,1040,256,58,12,2945,966,19.8,78.4,252,268,-25,2574,2760,48.3,2592,1278
2013-14,TBL,82,46,27,,9,101,240,50,10,2446,844,215,52,8,2397,840,18.5,80.7,270,270,25,2394,2468,49.2,1642,1121
2013-14,STL,82,52,23,,7,111,248,56,6,2402,1162,191,42,6,2163,1166,19.8,85.7,283,293,57,2536,2354,51.9,1839,1121
2013-14,SJS,82,51,22,,9,111,249,50,8,2851,737,200,33,6,2281,919,17.2,84.9,291,219,49,2747,2457,52.8,1632,1286
2013-14,PIT,82,51,24,,7,109,249,65,4,2454,832,207,38,6,2358,894,23.4,85,278,254,42,2445,2351,51,2162,1187
2013-14,PHX,82,37,30,,15,89,216,56,3,2498,808,231,57,5,2540,813,19.9,79,282,272,-15,2563,2368,52,2173,1130
2013-14,PHI,82,42,30,,10,94,236,58,8,2490,1165,235,48,11,2508,1097,19.7,84.8,294,316,1,2504,2507,50,2174,1200
2013-14,OTT,82,37,31,,14,88,236,50,5,2691,1094,265,61,10,2849,986,18.5,80.9,271,320,-29,2659,2530,51.2,2351,955
2013-14,NYR,82,45,31,,6,96,218,48,10,2719,817,193,34,7,2412,852,18.2,85.3,264,232,25,2397,2512,48.8,1905,1119
2013-14,NYI,82,34,37,,11,79,225,49,8,2537,1015,267,58,7,2464,939,17.8,78.1,276,265,-42,2310,2586,47.2,2092,1242
2013-14,NSH,82,38,32,,12,88,216,46,2,2382,808,242,47,0,2370,773,19.2,80.3,239,238,-26,2586,2287,53.1,1611,1230
2013-14,NJD,82,35,29,,18,88,197,47,9,2199,656,208,36,4,2089,672,19.5,86.4,241,264,-11,2174,2450,47,1568,849
2013-14,MTL,82,46,28,,8,100,215,48,6,2330,1063,204,43,8,2541,1048,17.2,85.1,279,289,11,2532,2576,49.6,1722,1491
2013-14,MIN,82,43,27,,12,98,207,45,4,2180,783,206,53,8,2273,814,17.9,78.8,252,250,1,2393,2310,50.9,1412,1126
2013-14,LAK,82,46,28,,8,100,206,43,5,2595,876,174,50,6,2148,907,15.1,83.1,284,296,32,2569,2301,52.8,2609,927
2013-14,FLA,82,29,45,,8,66,196,27,8,2451,848,268,63,6,2551,896,10,76,269,262,-72,2380,2551,48.3,1860,982
2013-14,EDM,82,29,44,,9,67,203,46,4,2208,966,270,50,13,2696,980,17,82.1,271,280,-67,2395,2491,49,1751,1252
2013-14,DET,82,39,28,,15,93,222,50,3,2456,725,230,50,5,2400,702,17.7,83.1,282,295,-8,2487,2413,50.8,1621,1014
2013-14,DAL,82,40,31,,11,91,235,46,8,2597,900,228,49,5,2492,951,15.9,81.4,290,263,7,2538,2533,50,1626,1198
2013-14,COL,82,52,22,,8,112,250,50,3,2420,891,220,48,1,2678,858,19.8,80.7,252,249,30,2428,2479,49.5,2035,1202
2013-14,CHI,82,46,21,,15,107,267,50,9,2715,699,220,46,6,2229,710,19.5,81.5,257,248,47,2533,2340,52,1375,1023
2013-14,CGY,82,35,40,,7,77,209,39,12,2199,858,241,43,7,2345,868,15.7,81.7,249,235,-32,2253,2619,46.2,1708,1423
2013-14,CBJ,82,43,32,,7,93,231,54,9,2431,910,216,50,8,2524,904,19.3,82.1,280,280,15,2461,2307,51.6,2586,1058
2013-14,CAR,82,36,35,,11,83,207,41,11,2561,650,230,44,8,2537,742,14.6,81.7,281,241,-23,2652,2390,52.6,1807,1096
2013-14,BUF,82,21,51,,10,52,157,36,5,2156,903,248,51,5,2816,856,14.1,81.4,256,274,-91,2305,2621,46.8,1992,1238
2013-14,BOS,82,54,19,,9,117,261,50,9,2612,886,177,43,6,2385,827,21.7,83.7,230,263,84,2577,2418,51.6,2008,1051
2013-14,ANA,82,54,20,,8,116,266,44,10,2569,894,209,48,8,2353,1034,16,82.2,275,270,57,2591,2675,49.2,2024,1242
2014-15,OTT,82,43,26,,13,99,238,47,6,2539,841,215,44,8,2635,909,16.8,82.9,280,257,23,2421,2572,48.5,2279,1045
2014-15,NYR,82,53,22,,7,113,252,39,9,2582,712,192,37,6,2418,676,16.8,84.3,232,235,60,2303,2589,47.1,1901,1159
2014-15,NYI,82,47,28,,7,101,252,50,10,2771,700,230,48,3,2321,767,18.7,77.9,267,217,22,2402,2478,49.2,2685,1323
2014-15,NSH,82,47,25,,10,104,232,42,4,2614,693,208,45,5,2317,760,16.2,80.8,259,234,24,2562,2677,48.9,1691,1180
2014-15,NJD,82,32,36,,14,78,181,41,7,2008,760,216,52,8,2518,630,19.3,80.6,212,268,-35,2162,2462,46.8,1660,1062
2014-15,MTL,82,50,22,,10,110,221,40,7,2334,833,189,42,4,2470,765,16.5,83.7,242,257,32,2695,2452,52.4,1696,1406
2014-15,MIN,82,46,28,,8,100,231,39,4,2522,728,201,32,3,2265,799,15.9,86.3,246,234,30,2491,2466,50.3,1323,1233
2014-15,LAK,82,40,27,,15,95,220,47,7,2536,744,205,45,2,2214,743,19,80.9,247,236,15,2434,2391,50.4,2609,983
2014-15,FLA,82,38,29,,15,91,206,40,1,2516,733,223,50,6,2424,739,16.3,80,246,250,-17,2505,2650,48.6,2268,1001
2014-15,EDM,82,24,44,,14,62,198,41,4,2331,677,283,51,7,2464,710,17.7,76.7,232,219,-85,2390,2533,48.5,1980,1205
2014-15,DET,82,43,25,,14,100,235,70,3,2429,724,221,55,8,2322,798,23.8,80.9,294,288,14,2581,2414,51.7,1569,908
2014-15,DAL,82,41,31,,10,92,261,55,9,2558,789,260,49,7,2454,904,19,80.7,290,254,1,2804,2614,51.8,1657,1247
2014-15,COL,82,39,31,,12,90,219,37,4,2286,771,227,37,2,2719,786,15,84.6,247,241,-8,2561,2478,50.8,2018,1391
2014-15,CHI,82,48,28,,6,102,229,46,3,2777,596,189,35,7,2477,725,17.7,83.4,260,211,40,2553,2352,52,1357,1040
2014-15,CGY,82,45,30,,7,97,241,48,6,2252,626,216,36,3,2391,740,18.8,80.6,255,186,25,2456,2693,47.7,1804,1569
2014-15,CBJ,82,42,35,,5,89,236,53,5,2366,978,250,60,5,2742,898,21.7,80.2,244,303,-14,2497,2570,49.3,2510,1080
2014-15,CAR,82,30,41,,11,71,188,45,2,2524,549,226,29,4,2236,669,18.8,84.7,240,190,-38,2602,2311,53,1953,1090
2014-15,BUF,82,23,51,,8,54,161,30,7,1984,853,274,64,8,2920,787,13.4,75.1,224,257,-113,2195,2666,45.2,2204,1534
2014-15,BOS,82,41,27,,14,96,213,38,8,2546,778,211,44,3,2449,699,17.8,82,213,244,2,2686,2277,54.1,2112,1047
2014-15,ANA,82,51,24,,7,109,236,37,9,2458,887,226,52,6,2367,804,15.7,81,236,274,10,2652,2462,51.9,2301,1162
2014-15,PHI,82,33,31,,18,84,215,60,3,2413,833,234,61,6,2481,757,23.4,77.1,256,266,-19,2571,2425,51.5,2511,1248
2014-15,ARI,82,24,50,,8,56,170,46,4,2393,776,272,65,7,2722,691,20,76.7,230,279,-102,2666,2448,52.1,2489,1271
2014-15,PIT,82,43,27,,12,98,221,49,6,2594,1123,210,42,11,2401,989,19.3,84.8,254,277,11,2396,2454,49.4,2495,1094
2014-15,SJS,82,40,33,,9,89,228,55,4,2591,760,232,48,5,2436,852,21.7,78.5,254,223,-4,2525,2495,50.3,1900,1272
2014-15,STL,82,51,24,,7,109,248,56,2,2535,904,201,42,5,2233,869,22.3,83.7,251,257,47,2740,2353,53.8,1841,1172
2014-15,TBL,82,50,24,,8,108,262,53,7,2428,812,211,42,6,2287,859,18.8,83.7,282,257,51,2228,2410,48,1742,1100
2014-15,TOR,82,30,44,,8,68,211,45,7,2397,823,262,52,12,2748,881,15.9,80.5,283,266,-51,2547,2647,49,2545,1175
2014-15,VAN,82,48,29,,5,101,242,46,6,2453,892,222,38,2,2446,806,19.3,85.7,238,266,20,2326,2635,46.9,1577,1215
2014-15,WPG,82,43,26,,13,99,230,48,10,2439,1068,210,56,5,2350,954,17.8,81.8,269,308,20,2500,2590,49.1,2418,1132
2014-15,WSH,82,45,26,,11,101,242,60,4,2419,857,203,50,4,2368,854,25.3,81.2,237,266,39,2522,2399,51.2,2335,1271
2015-16,ANA,82,46,25,,11,103,218,56,7,2483,1023,192,37,3,2258,907,22.9,87.2,245,290,26,2497,2310,51.9,2234,1178
2015-16,BOS,82,42,31,,9,93,240,48,9,2620,933,230,48,4,2490,851,20.5,82.2,234,270,10,2592,2548,50.4,2164,1184
2015-16,BUF,82,35,36,,11,81,201,48,6,2418,749,222,38,6,2511,836,18.9,82.6,254,218,-21,2427,2488,49.4,1916,1095
2015-16,CAR,82,35,31,,16,86,198,40,3,2451,562,226,32,5,2261,633,16.8,84.3,238,204,-28,2523,2178,53.7,1550,980
2015-16,CBJ,82,34,40,,8,76,219,43,3,2387,995,252,53,8,2550,879,17.3,81,248,279,-33,2471,2572,49,2145,1260
2015-16,CGY,82,35,40,,7,77,231,46,10,2398,754,260,57,7,2377,782,17,75.6,270,234,-29,2411,2550,48.6,1700,1320
2015-16,CHI,82,47,26,,9,103,235,57,10,2498,611,209,46,3,2526,706,22.6,80.3,252,233,26,2380,2452,49.3,1389,1133
2015-16,COL,82,39,39,,4,82,216,48,7,2348,774,240,51,9,2649,772,18,80.2,266,258,-24,2382,2400,49.8,1848,1401
2015-16,DAL,82,50,23,,9,109,267,58,10,2624,719,230,44,15,2371,739,22.1,82.3,262,248,37,2597,2577,50.2,1556,1224
2015-16,DET,82,41,30,,11,93,211,50,2,2432,724,224,50,4,2439,743,18.8,81.5,266,271,-13,2417,2367,50.5,1651,909
2015-16,EDM,82,31,43,,8,70,203,43,5,2386,794,245,49,6,2548,753,18.1,80.7,237,254,-42,2429,2549,48.8,1818,1233
2015-16,FLA,82,47,26,,9,103,239,47,5,2358,849,203,55,5,2419,851,16.9,79.5,278,268,36,2548,2540,50.1,1910,942
2015-16,LAK,82,48,28,,6,102,225,47,5,2625,866,195,53,3,2254,744,20,81.4,235,285,30,2534,2483,50.5,2495,1027
2015-16,MIN,82,38,33,,11,87,216,48,7,2374,545,206,45,6,2347,702,18.5,77.9,259,204,10,2592,2341,52.5,1405,1207
2015-16,MTL,82,38,38,,6,82,221,42,8,2504,774,236,46,11,2408,812,16.2,81.9,259,254,-15,2621,2586,50.3,1933,1144
2015-16,NJD,82,38,36,,8,84,184,51,5,2003,814,208,45,8,2349,758,19.9,83,256,264,-24,2183,2518,46.4,1840,1054
2015-16,NSH,82,41,27,,14,96,228,51,7,2507,810,215,46,2,2242,806,19.7,81.2,259,245,13,2387,2515,48.7,1886,1232
2015-16,NYI,82,45,27,,10,100,232,43,7,2412,718,216,36,6,2495,753,18.8,84.5,229,232,16,2331,2323,50.1,2311,1322
2015-16,NYR,82,46,27,,9,101,236,42,3,2336,704,217,53,5,2494,678,18.6,78.2,226,243,19,2313,2390,49.2,2164,1314
2015-16,OTT,82,38,35,,9,85,236,38,17,2325,892,247,61,3,2688,901,15.9,75.9,239,253,-11,2519,2464,50.6,2262,1196
2015-16,PHI,82,41,27,,14,96,214,53,3,2540,966,218,51,8,2519,979,18.9,80.5,280,262,-4,2532,2429,51,2196,1309
2015-16,ARI,82,35,39,,8,78,209,53,4,2265,1009,245,69,14,2539,947,17.7,77.3,300,304,-36,2761,2289,54.7,1812,1148
2015-16,PIT,82,48,26,,8,104,245,48,11,2722,693,203,40,5,2436,733,18.4,84.4,261,257,42,2593,2576,50.2,1947,1091
2015-16,SJS,82,46,30,,6,98,241,62,6,2491,727,210,46,7,2245,904,22.5,80.5,275,236,31,2472,2404,50.7,1686,1292
2015-16,STL,82,49,24,,9,107,224,51,4,2474,861,201,41,5,2439,751,21.5,85.1,237,276,23,2579,2452,51.3,1937,1127
2015-16,TBL,82,46,31,,5,97,227,44,7,2402,809,201,41,7,2366,871,15.8,84,279,257,26,2372,2421,49.5,1682,1027
2015-16,TOR,82,29,42,,11,69,198,40,3,2515,756,246,50,8,2503,736,15.4,81.6,259,272,-48,2617,2556,50.6,2119,1035
2015-16,VAN,82,31,38,,13,75,191,39,4,2311,821,243,47,8,2668,818,15.8,81.1,247,249,-52,2223,2669,45.4,1533,1058
2015-16,WPG,82,35,39,,8,78,215,38,10,2427,920,239,61,4,2423,853,14.8,78.4,257,282,-24,2257,2572,46.7,2100,1133
2015-16,WSH,82,56,18,,8,120,252,55,2,2510,753,193,38,5,2332,727,21.9,85.2,251,256,59,2368,2409,49.6,1994,1266
2016-17,ANA,82,46,23,,13,105,223,47,9,2425,934,200,43,7,2429,916,18.7,84.7,251,281,23,2687,2226,54.7,2146,1148
2016-17,BOS,82,44,31,,7,95,234,53,10,2721,831,212,38,6,2194,801,21.7,85.7,244,266,22,2681,2358,53.2,1775,1093
2016-17,BUF,82,33,37,,12,78,201,57,3,2491,741,237,53,4,2813,702,24.5,77.6,233,237,-36,2445,2484,49.6,1872,1121
2016-17,CAR,82,36,31,,15,87,215,41,10,2493,476,236,32,6,2320,544,17.7,84.2,231,202,-21,2430,2150,53.1,1611,1062
2016-17,CBJ,82,50,24,,8,108,249,42,10,2540,714,195,39,2,2489,709,19.9,82.5,211,223,54,2402,2537,48.6,1654,1179
2016-17,CGY,82,45,33,,4,94,226,52,8,2388,956,221,51,5,2354,879,20.2,81.6,258,277,5,2432,2538,48.9,1550,1111
2016-17,CHI,82,50,23,,9,109,244,42,1,2508,584,213,47,7,2574,650,18,77.7,233,211,31,2236,2474,47.5,1178,1226
2016-17,COL,82,22,56,,4,48,166,30,5,2303,767,278,64,2,2603,676,12.6,76.6,239,274,-112,2631,2276,53.6,1687,1076
2016-17,DAL,82,34,37,,11,79,223,46,5,2505,810,262,65,11,2439,800,17.9,73.9,257,249,-39,2551,2560,49.9,1552,1330
2016-17,DET,82,33,36,,13,79,207,38,3,2335,718,244,45,9,2507,753,15.1,80.9,252,235,-37,2520,2338,51.9,1644,1066
2016-17,EDM,82,47,26,,9,103,247,56,4,2547,738,212,43,5,2416,781,22.9,80.7,245,223,35,2302,2592,47,2073,1294
2016-17,FLA,82,35,36,,11,81,210,45,8,2644,813,237,36,8,2595,808,17,85.3,265,245,-27,2384,2590,47.9,1665,919
2016-17,LAK,82,39,35,,8,86,201,46,5,2553,754,205,38,3,2120,764,19.1,84.5,241,245,-4,2512,2436,50.8,2323,1077
2016-17,MIN,82,49,25,,8,106,266,47,5,2527,669,208,37,3,2465,689,21,82.9,224,217,58,2550,2359,51.9,1284,1161
2016-17,MTL,82,47,26,,9,103,226,45,5,2459,759,200,47,6,2429,650,19.6,81.1,230,249,26,2516,2483,50.3,1864,1213
2016-17,NJD,82,28,40,,14,70,183,44,6,2279,817,244,53,12,2572,799,17.5,79.7,251,261,-61,2417,2492,49.2,1655,1023
2016-17,NSH,82,41,29,,12,94,240,49,12,2557,833,224,46,6,2472,875,18.9,80.9,259,241,16,2599,2453,51.4,1660,1110
2016-17,NYI,82,41,29,,12,94,241,35,5,2480,648,242,40,7,2616,649,15,82.4,234,227,-1,2261,2480,47.7,2126,1363
2016-17,NYR,82,48,28,,6,102,256,47,9,2438,593,220,45,5,2465,678,20.3,79.9,232,224,36,2353,2511,48.4,1715,1244
2016-17,OTT,82,44,28,,10,98,212,43,7,2463,848,214,50,3,2467,858,16.9,79.8,254,247,-2,2549,2452,51,2114,1352
2016-17,PHI,82,39,33,,10,88,219,54,4,2585,844,236,50,9,2334,910,19.5,79.8,277,247,-17,2539,2318,52.3,2063,1309
2016-17,ARI,82,30,42,,10,70,197,38,8,2281,809,260,59,7,2797,706,16.2,77.3,235,260,-63,2412,2613,48,2098,1215
2016-17,PIT,82,50,21,,11,111,282,60,5,2745,703,234,52,7,2671,742,23.1,79.8,260,257,48,2452,2702,47.6,2060,1307
2016-17,SJS,82,46,29,,7,99,221,41,7,2453,642,201,41,6,2269,696,16.7,80.7,246,212,20,2293,2472,48.1,1536,1354
2016-17,STL,82,46,29,,7,99,235,50,3,2330,734,218,40,5,2327,690,21.3,84.8,235,263,17,2438,2411,50.3,1688,1135
2016-17,TBL,82,42,30,,10,94,234,62,4,2452,875,227,48,8,2492,938,22.8,81.4,272,258,7,2376,2609,47.7,1842,1014
2016-17,TOR,82,40,27,,15,95,251,57,6,2617,799,242,44,7,2673,822,23.4,82.5,244,251,9,2523,2531,49.9,1936,1166
2016-17,VAN,82,30,43,,9,69,182,32,2,2273,648,243,52,6,2605,651,14.1,76.7,227,223,-61,2537,2423,51.1,1471,1034
2016-17,WPG,82,40,35,,7,87,249,48,10,2448,835,256,62,9,2546,795,18.2,77.5,264,275,-7,2364,2509,48.5,1906,1177
2016-17,WSH,82,55,19,,8,118,263,57,5,2495,750,182,44,3,2282,711,23,83.8,248,272,81,2385,2400,49.8,1727,1102
2017-18,ANA,82,44,25,,13,101,235,38,10,2475,818,216,46,4,2716,705,17.8,83.2,214,274,19,2499,2375,51.3,1949,1233
2017-18,BOS,82,50,20,,12,112,270,61,9,2703,778,214,40,10,2399,786,23.6,83.7,258,245,56,2577,2501,50.7,1914,1072
2017-18,BUF,82,25,45,,12,62,199,49,9,2557,673,280,52,10,2681,721,19.1,77.9,257,235,-81,2539,2388,51.5,1767,1082
2017-18,CAR,82,36,35,,11,83,228,44,3,2780,512,256,43,6,2367,582,18.4,77.5,239,191,-28,2594,2204,54.1,1597,1006
2017-18,CBJ,82,45,30,,7,97,242,39,4,2761,565,230,51,7,2567,600,17.2,76.2,227,214,12,2400,2558,48.4,1745,1218
2017-18,CGY,82,37,35,,10,84,218,43,7,2759,912,248,49,7,2554,916,16,81.8,269,269,-30,2496,2560,49.4,1639,1100
2017-18,CHI,82,33,39,,10,76,229,43,5,2793,613,256,49,7,2697,727,16,79.2,269,236,-27,2472,2547,49.3,1376,1199
2017-18,COL,82,43,30,,9,95,257,65,7,2432,731,237,45,13,2731,803,22,83.3,296,269,20,2134,2693,44.2,1633,1299
2017-18,DAL,82,42,32,,8,92,235,47,7,2560,830,225,54,10,2447,785,19.3,80.8,244,281,10,2701,2443,52.5,1861,1272
2017-18,DET,82,30,39,,13,73,217,41,9,2490,726,255,58,5,2613,681,17.5,77.6,234,259,-38,2447,2562,48.9,1606,1168
2017-18,EDM,82,36,40,,6,78,234,31,11,2740,752,263,57,5,2634,620,14.8,76.7,210,245,-29,2394,2523,48.7,2134,1275
2017-18,FLA,82,44,30,,8,96,248,47,10,2822,899,246,45,5,2838,961,18.9,80.2,249,227,2,2657,2579,50.7,1653,1172
2017-18,LAK,82,45,29,,8,98,239,49,5,2544,735,203,39,4,2537,680,20.4,85,240,260,36,2429,2455,49.7,2115,1198
2017-18,MIN,82,45,26,,11,101,253,49,7,2476,684,232,51,6,2569,623,20.4,81.3,240,272,21,2415,2434,49.8,1367,1295
2017-18,MTL,82,29,40,,13,71,209,52,7,2687,708,264,68,6,2650,723,21.3,74.1,244,263,-55,2395,2642,47.5,2169,1351
2017-18,NJD,82,44,29,,9,97,248,54,12,2599,694,244,47,6,2616,686,21.4,81.8,252,258,4,2371,2675,47,1816,1176
2017-18,NSH,82,53,18,,11,117,267,58,10,2641,928,211,54,5,2659,791,21.2,81.9,274,299,56,2753,2412,53.3,1656,1204
2017-18,NYI,82,35,37,,10,80,264,58,5,2572,643,296,63,11,2918,667,23.2,73.2,250,235,-32,2404,2515,48.9,1816,1262
2017-18,NYR,82,34,39,,9,77,231,51,5,2538,655,268,46,5,2898,660,21.2,81.4,241,247,-37,2384,2454,49.3,1714,1228
2017-18,OTT,82,28,43,,11,67,221,41,4,2515,667,291,56,6,2712,692,16.5,76.2,248,235,-70,2499,2470,50.3,1966,1337
2017-18,PHI,82,42,26,,14,98,251,54,3,2631,679,243,54,10,2448,737,20.7,75.8,261,223,8,2563,2249,53.3,1670,1230
2017-18,ARI,82,29,41,,12,70,208,41,2,2450,642,256,46,10,2642,678,16.9,79.5,243,224,-48,2429,2659,47.7,1999,1186
2017-18,PIT,82,47,29,,6,100,272,68,6,2823,775,250,53,3,2553,743,26.2,80,260,265,22,2572,2546,50.3,1951,1184
2017-18,SJS,82,45,27,,10,100,252,53,8,2702,630,229,34,3,2488,654,20.6,84.8,257,224,23,2558,2433,51.3,1380,1381
2017-18,STL,82,44,32,,6,94,226,38,5,2677,631,222,47,9,2438,672,15.4,79.7,246,231,4,2487,2428,50.6,1893,1278
2017-18,TBL,82,54,23,,5,113,296,66,9,2680,753,236,64,3,2683,783,23.9,76,276,267,60,2441,2621,48.2,1728,1127
2017-18,TOR,82,49,26,,7,105,277,56,4,2640,570,232,43,5,2776,566,25,81.4,224,231,45,2688,2499,51.8,1632,1104
2017-18,VAN,82,31,40,,11,73,218,53,7,2464,712,264,60,10,2641,659,21.5,78.3,247,276,-46,2427,2474,49.5,1745,1152
2017-18,VEG,82,51,24,,7,109,272,53,8,2686,560,228,44,5,2521,616,21.4,81.4,248,237,44,2439,2548,48.9,1767,1179
2017-18,WPG,82,52,20,,10,114,277,64,9,2643,697,218,50,7,2613,702,23.4,81.8,274,274,59,2649,2406,52.4,1831,1240
2017-18,WSH,82,49,26,,7,105,259,55,4,2379,800,239,53,8,2613,753,22.5,80.3,244,269,20,2467,2427,50.4,1784,1220
2018-19,ANA,82,35,37,,10,80,199,36,5,2271,736,251,55,10,2725,590,17,79.7,212,271,-52,2394,2268,51.4,1900,1196
2018-19,BOS,82,49,24,,9,107,259,65,7,2680,797,215,49,15,2416,814,25.9,79.9,251,244,44,2454,2385,50.7,1876,1050
2018-19,BUF,82,33,39,,10,76,226,46,3,2697,570,271,41,9,2704,618,19.5,80.9,236,215,-45,2334,2538,47.9,1565,1003
2018-19,CAR,82,46,29,,7,99,245,44,8,2822,618,223,44,8,2343,710,17.8,81.6,247,239,22,2436,2532,49,2073,1044
2018-19,CBJ,82,47,31,,4,98,258,34,8,2592,512,232,30,6,2418,556,15.4,85,221,200,26,2434,2410,50.2,1741,1076
2018-19,CGY,82,50,25,,7,107,289,53,18,2656,695,227,50,7,2302,805,19.3,79.7,275,246,62,2490,2265,52.4,1233,1033
2018-19,CHI,82,36,34,,12,84,270,48,6,2669,600,292,63,7,2852,583,20.2,72.7,238,231,-22,2356,2404,49.5,1350,1115
2018-19,COL,82,38,30,,14,90,260,63,9,2676,772,246,58,5,2619,785,22,78.7,286,272,14,2346,2529,48.1,1699,1324
2018-19,DAL,82,43,32,,7,93,210,45,4,2519,631,202,41,2,2591,602,21,82.8,214,238,8,2529,2346,51.9,1820,1291
2018-19,DET,82,32,40,,10,74,227,39,7,2394,649,277,56,7,2761,595,18.1,77.1,216,245,-50,2568,2490,50.8,1749,1103
2018-19,EDM,82,35,38,,9,79,232,47,10,2392,754,274,62,7,2599,631,21.2,74.8,222,246,-42,2327,2483,48.4,2192,1174
2018-19,FLA,82,36,32,,14,86,267,72,3,2705,688,280,43,13,2516,754,26.8,81.3,269,230,-13,2527,2545,49.8,1901,1138
2018-19,LAK,82,31,42,,9,71,202,35,4,2358,663,263,54,13,2578,655,15.8,76.5,221,230,-61,2410,2366,50.5,1907,1170
2018-19,MIN,82,37,36,,9,83,211,49,5,2567,656,237,44,4,2419,700,20.3,81.7,241,240,-26,2404,2465,49.4,1602,1221
2018-19,MTL,82,44,30,,8,96,249,31,5,2796,682,236,46,4,2548,677,13.2,80.9,234,241,13,2437,2495,49.4,2203,1170
2018-19,NJD,82,31,41,,10,72,222,45,10,2488,745,275,40,10,2592,738,17.7,84.3,254,255,-53,2418,2482,49.3,1924,1158
2018-19,NSH,82,47,29,,6,100,240,33,8,2677,686,214,45,8,2460,768,12.9,82.1,255,251,26,2537,2385,51.5,1492,1079
2018-19,NYI,82,48,27,,7,103,228,33,6,2360,644,196,44,1,2534,633,14.5,79.9,227,219,32,2124,2353,47.4,2031,1295
2018-19,NYR,82,32,36,,14,78,227,44,7,2393,854,272,58,4,2774,693,19.4,78.2,227,266,-45,2187,2475,46.9,2128,1213
2018-19,OTT,82,29,47,,6,64,242,46,4,2429,693,302,45,8,2931,682,20.4,79.2,226,216,-60,2387,2428,49.6,1782,1381
2018-19,PHI,82,37,37,,8,82,244,40,4,2583,731,281,51,11,2665,681,17.1,78.5,234,237,-37,2637,2180,54.7,1755,1277
2018-19,ARI,82,39,35,,8,86,213,42,16,2522,579,223,34,9,2526,674,16.3,85,258,226,-10,2307,2511,47.9,2028,1298
2018-19,PIT,82,44,26,,12,100,273,56,12,2731,685,241,45,15,2729,652,24.6,79.7,228,222,32,2482,2425,50.6,2363,1229
2018-19,SJS,82,46,27,,9,101,289,57,9,2708,749,261,45,9,2323,771,23.7,80.8,241,234,28,2376,2346,50.3,1574,1077
2018-19,STL,82,45,28,,9,99,247,50,5,2604,623,223,43,7,2345,676,21.1,81.5,237,232,24,2450,2317,51.4,1615,1138
2018-19,TBL,82,62,16,,4,128,325,74,12,2620,779,222,40,3,2633,773,28.2,85,262,267,103,2520,2401,51.2,2116,1125
2018-19,TOR,82,46,28,,8,100,286,46,5,2736,503,251,41,9,2717,549,21.8,79.9,211,204,35,2629,2330,53,1421,1113
2018-19,VAN,82,35,36,,11,81,225,43,7,2433,721,254,48,8,2597,716,17.1,81.1,251,254,-29,2404,2453,49.5,1799,1233
2018-19,VEG,82,43,32,,7,93,249,39,11,2814,583,230,44,2,2399,589,16.8,80.9,232,230,19,2480,2441,50.4,2268,1118
2018-19,WPG,82,47,30,,5,99,272,62,10,2557,759,244,52,7,2741,711,24.8,79.2,250,250,28,2463,2396,50.7,1841,1187
2018-19,WSH,82,48,26,,8,104,278,49,5,2492,730,249,55,5,2584,706,20.8,78.9,236,261,29,2160,2563,45.7,1885,1234
